Event Name,Date,Start Time,End Time,Location,Address,Closest City,Callout,Size,Popularity,Attendance,Source,Event URL,Organizer Social
Rockin’ Randall’s Cruise-In,2026-10-01,5:00 PM,5:00 PM,"404 N. Main Street, Liberty, IN 47353","404 N. Main Street, Liberty, IN 47353","Cincinnati, OH",,Small,20,,CarsAndCoffeeEvents API (OH/KY/IN); CarsAndCoffeeEvents API (OH/KY/IN/WV/TN),https://carsandcoffeeevents.com/events/rockin-randalls-cruise-in,
Alexandria Cruise-In,2026-10-01,5:00 PM,8:00 PM,"7001 Alexandria Pike, Alexandria, KY 41001","7001 Alexandria Pike, Alexandria, KY 41001","Cincinnati, OH",,Small,20,,CarsAndCoffeeEvents API (OH/KY/IN/WV/TN),https://carsandcoffeeevents.com/events/alexandria-cruise-in-2,
Wheels & Whoppers,2026-10-02,5:00 PM,10:00 PM,"47 East Main Street, North Vernon, IN 47265","47 East Main Street, North Vernon, IN 47265","Louisville, KY",,Local,32,,CarsAndCoffeeEvents API (OH/KY/IN/WV/TN),https://carsandcoffeeevents.com/events/wheels-whoppers,
McDonald’s Sellersburg 2026 Summer Car Shows,2026-10-02,6:00 PM,6:00 PM,"102 Enterprise Way, Sellersburg, IN 47172","102 Enterprise Way, Sellersburg, IN 47172","Louisville, KY",,Local,32,,CarsAndCoffeeEvents API (OH/KY/IN/WV/TN),https://carsandcoffeeevents.com/events/mcdonalds-sellersburg-2026-summer-car-show-schedule,
KB Octane Presents: Rip Rap Friday Night Cruise-In,2026-10-02,7:00 PM,7:00 PM,"6024 Rip Rap Rd, Dayton, OH 45401","6024 Rip Rap Rd, Dayton, OH 45401","Dayton, OH",,Small,20,,CarsAndCoffeeEvents API (OH/KY/IN/WV/TN),https://carsandcoffeeevents.com/events/kb-octane-presents-rip-rap-friday-night-cruise-in,
Cincinnati Cars and Coffee @ Crestview Hills,2026-10-03,8:00 AM,10:30 AM,"2751 Dixie Hwy, Crestview Hills, KY 41017","2751 Dixie Hwy, Crestview Hills, KY 41017","Cincinnati, OH",,Small,20,,iCloud Published Calendar (ICS),https://p147-caldav.icloud.com/published/2/MjAyOTg3MDYzMDYyMDI5OBf9ajX0FwLfmy7tt5VOuuB3qsUCkmTmEXtFYEkUfJhPbL01ZnaiaS-7j1aRwxpLpv3Uusg0k-ywiw3A3H9vbBk,https://www.facebook.com/groups/881422478573528/
Restoration Church 6th Annual Car Show 2026,2026-10-03,8:00 AM,3:00 PM,"1550 W Tracy Rd, Whiteland, IN 46184","1550 W Tracy Rd, Whiteland, IN 46184","Indianapolis, IN",Registration required,Local,46,,CarsAndCoffeeEvents API (OH/KY/IN); CarsAndCoffeeEvents API (OH/KY/IN/WV/TN),https://carsandcoffeeevents.com/events/restoration-church-6th-annual-car-show-2026,
Lawrenceburg Cars & Coffee,2026-10-03,8:00 AM,11:00 AM,"68 Doughty Rd, Lawrenceburg, IN 47025","68 Doughty Rd, Lawrenceburg, IN 47025","Cincinnati, OH",,Small,20,,CarsAndCoffeeEvents API (OH/KY/IN); CarsAndCoffeeEvents API (OH/KY/IN/WV/TN),https://carsandcoffeeevents.com/events/lawrenceburg-cars-coffee-2026-10-03,https://www.facebook.com/Lawrenceburgcarsandcoffee/
Southern Indiana Car & Coffee,2026-10-03,8:00 AM,11:00 AM,"4809 Outer Loop, Louisville, KY 40219","4809 Outer Loop, Louisville, KY 40219","Louisville, KY",,Local,32,,iCloud Published Calendar (ICS),https://facebook.com/events/s/southern-indiana-car-coffee/2441859389604399/,https://facebook.com/events/s/southern-indiana-car-coffee/2441859389604399/
Circuit Cafe / Cincinnati Cars and Coffee,2026-10-03,8:00 AM,12:00 PM,"2726 Riverside Drive, Cincinnati, OH 45202","2726 Riverside Drive, Cincinnati, OH 45202","Cincinnati, OH",,Small,20,,iCloud Published Calendar (ICS),https://p147-caldav.icloud.com/published/2/MjAyOTg3MDYzMDYyMDI5OBf9ajX0FwLfmy7tt5VOuuB3qsUCkmTmEXtFYEkUfJhPbL01ZnaiaS-7j1aRwxpLpv3Uusg0k-ywiw3A3H9vbBk,https://www.facebook.com/cincinnaticarsandcoffee
Columbus Cars & Coffee – 3650 Olentangy River Road,2026-10-03,8:00 AM,12:00 PM,"3650 Olentangy River Road, Columbus, OH 43085","3650 Olentangy River Road, Columbus, OH 43085","Columbus, OH",,Small,20,,CarsAndCoffeeEvents API (OH/KY/IN/WV/TN); CarsAndCoffeeEvents API (OH/KY/IN); CarsAndCoffeeEvents API (OH/KY/IN/WV/TN),https://carsandcoffeeevents.com/events/columbus-cars-coffee-3650-olentangy-river-road-2026-06-20,https://www.facebook.com/TheColumbusCarsandCoffee/
Columbus Cars & Coffee – Starbucks in Westerville,2026-10-03,8:00 AM,11:00 AM,"691 N. Cleveland Ave, Columbus, OH 43085","691 N. Cleveland Ave, Columbus, OH 43085","Columbus, OH",,Small,20,,CarsAndCoffeeEvents API (OH/KY/IN/WV/TN),https://carsandcoffeeevents.com/events/columbus-cars-coffee-starbucks-in-westerville-2026-06-20,https://www.facebook.com/TheColumbusCarsandCoffee/
Columbus Cars n Coffee Meetup – 1st Saturdays,2026-10-03,8:30 AM,12:00 PM,"3650 Olentangy River Rd 3650 Olentangy River Rd, Columbus, OH 43085","3650 Olentangy River Rd 3650 Olentangy River Rd, Columbus, OH 43085","Columbus, OH",,Local,42,,CarsAndCoffeeEvents API (OH/KY/IN/WV/TN),https://carsandcoffeeevents.com/events/columbus-cars-n-coffee-meetup-saturdays-2026-10-03,https://www.facebook.com/TheColumbusCarsandCoffee/
Muncie Cars & Coffee 2026 - Season 10,2026-10-03,9:00 AM,12:00 PM,"100 E Charles St, Muncie, IN 47305","100 E Charles St, Muncie, IN 47305","Indianapolis, IN",,Small,20,,CarsAndCoffeeEvents API (OH/KY/IN/WV/TN); CarsAndCoffeeEvents API (OH/KY/IN/WV/TN); CarsAndCoffeeEvents API (OH/KY/IN/WV/TN); CarsAndCoffeeEvents API (OH/KY/IN); CarsAndCoffeeEvents API (OH/KY/IN/WV/TN),https://carsandcoffeeevents.com/events/muncie-cars-coffee-2026-season-10,
Rpm Transmissions 5th Car Show,2026-10-03,9:00 AM,2:00 PM,"1426 W. 53rd Street, Anderson, IN 46011","1426 W. 53rd Street, Anderson, IN 46011","Indianapolis, IN",Registration required,Local,46,,CarsAndCoffeeEvents API (OH/KY/IN); CarsAndCoffeeEvents API (OH/KY/IN/WV/TN),https://carsandcoffeeevents.com/events/rpm-transmissions-car-show-2026-10-03,
Lex Ky Cars and Coffee,2026-10-03,9:00 AM,11:00 AM,"2349 Richmond Road, Lexington, KY 40502","2349 Richmond Road, Lexington, KY 40502","Lexington, KY",,Small,20,,iCloud Published Calendar (ICS),https://facebook.com/events/s/lex-ky-cars-and-coffee/1111176901860659/,https://facebook.com/events/s/lex-ky-cars-and-coffee/1111176901860659/
6th Annual Car Show and Gun Giveaway,2026-10-03,11:00 AM,4:00 PM,"305 N Ferguson, Henryville, IN 47126","305 N Ferguson, Henryville, IN 47126","Louisville, KY",Registration & tickets required,Local,46,,CarsAndCoffeeEvents API (OH/KY/IN); CarsAndCoffeeEvents API (OH/KY/IN/WV/TN),https://carsandcoffeeevents.com/events/6th-annual-car-show-and-gun-giveaway,
Porsche Cruise In | OVR PCA & ECLIPSE Annual Event,2026-10-03,11:00 AM,2:00 PM,"2669 E Kemper Rd, Cincinnati, OH 45241","2669 E Kemper Rd, Cincinnati, OH 45241","Cincinnati, OH",,Local,34,,iCloud Published Calendar (ICS); OVR PCA Social Events (ICS),https://facebook.com/events/s/porsche-cruise-in-ovr-pca-ecli/959215626430485/,https://facebook.com/events/s/porsche-cruise-in-ovr-pca-ecli/959215626430485/
Bluegrass Outlawz Car Meet,2026-10-03,3:00 PM,7:00 PM,"513 Marsailles Rd, Versailles, KY 40383","513 Marsailles Rd, Versailles, KY 40383","Lexington, KY",,Local,32,,CarsAndCoffeeEvents API (OH/KY/IN); CarsAndCoffeeEvents API (OH/KY/IN/WV/TN),https://carsandcoffeeevents.com/events/bluegrass-outlawz-car-meet-2026-10-03,
Kettering Saturday Night Cruise-In,2026-10-03,4:00 PM,9:00 PM,"3205 Woodman Dr, Dayton, OH 45401","3205 Woodman Dr, Dayton, OH 45401","Dayton, OH",,Small,20,,CarsAndCoffeeEvents API (OH/KY/IN); CarsAndCoffeeEvents API (OH/KY/IN/WV/TN),https://carsandcoffeeevents.com/events/kettering-saturday-night-cruise-in-2026-10-03,https://www.facebook.com/groups/1456889491292111
Shelby County Car Club Presents Monthly Cruise-In,2026-10-03,5:00 PM,8:00 PM,"1927 Midland Trail, Shelbyville, KY 40065","1927 Midland Trail, Shelbyville, KY 40065","Louisville, KY",Registration required,Small,12,,CarsAndCoffeeEvents API (OH/KY/IN); CarsAndCoffeeEvents API (OH/KY/IN/WV/TN),https://carsandcoffeeevents.com/events/shelby-county-car-club-presents-monthly-cruise-in-2026-10-03,
Circuit Cafe / Cincinnati Cars and Coffee,2026-10-04,8:00 AM,12:00 PM,"2726 Riverside Drive, Cincinnati, OH 45202","2726 Riverside Drive, Cincinnati, OH 45202","Cincinnati, OH",,Small,20,,iCloud Published Calendar (ICS); CarsAndCoffeeEvents API (OH/KY/IN); iCloud Published Calendar (ICS),https://p147-caldav.icloud.com/published/2/MjAyOTg3MDYzMDYyMDI5OBf9ajX0FwLfmy7tt5VOuuB3qsUCkmTmEXtFYEkUfJhPbL01ZnaiaS-7j1aRwxpLpv3Uusg0k-ywiw3A3H9vbBk,https://www.facebook.com/cincinnaticarsandcoffee
McCordsville Cars & Coffee,2026-10-04,8:00 AM,11:00 AM,"5811 Main St., McCordsville, IN 46055","5811 Main St., McCordsville, IN 46055","Indianapolis, IN",,Small,20,,CarsAndCoffeeEvents API (OH/KY/IN/WV/TN),https://carsandcoffeeevents.com/events/mccordsville-cars-coffee,
"Cars and Coffee; Sunday October 4th, 9am-noon",2026-10-04,9:00 AM,12:00 PM,"600 West Loveland Avenue, Loveland, OH 45140","600 West Loveland Avenue, Loveland, OH 45140","Cincinnati, OH",,Local,34,,iCloud Published Calendar (ICS),https://facebook.com/events/s/cars-and-coffee-sunday-october/949847634862118/,https://facebook.com/events/s/cars-and-coffee-sunday-october/949847634862118/
5th Floyd Central Band Car Show 2026,2026-10-04,11:00 AM,5:00 PM,"6575 Old Vincennes Rd, Floyds Knobs, IN 47119","6575 Old Vincennes Rd, Floyds Knobs, IN 47119","Louisville, KY",,Local,46,,CarsAndCoffeeEvents API (OH/KY/IN); CarsAndCoffeeEvents API (OH/KY/IN/WV/TN),https://carsandcoffeeevents.com/events/5th-floyd-central-band-car-show-2026,
Four Bridges Cruise-In,2026-10-07,5:00 PM,7:00 PM,"8300 Four Bridges Drive, Liberty Township, OH 45044","8300 Four Bridges Drive, Liberty Township, OH 45044","Cincinnati, OH",,Small,20,,iCloud Published Calendar (ICS),https://p147-caldav.icloud.com/published/2/MjAyOTg3MDYzMDYyMDI5OBf9ajX0FwLfmy7tt5VOuuB3qsUCkmTmEXtFYEkUfJhPbL01ZnaiaS-7j1aRwxpLpv3Uusg0k-ywiw3A3H9vbBk,https://www.facebook.com/events/1267308188591932/
RPM Performance Cruise-In,2026-10-07,6:00 PM,6:00 PM,"3202 S East Street, Indianapolis, IN 46201","3202 S East Street, Indianapolis, IN 46201","Indianapolis, IN",,Small,20,,CarsAndCoffeeEvents API (OH/KY/IN); CarsAndCoffeeEvents API (OH/KY/IN/WV/TN),https://carsandcoffeeevents.com/events/rpm-performance-cruise-in,
Indiana Cruisers Monthly Cruise The Square,2026-10-09,5:00 PM,5:00 PM,Historical Charlestown City Square Charlestown IN 47111,"Main Cross Street, Charlestown, IN 47111","Louisville, KY",,Small,24,,CarsAndCoffeeEvents API (OH/KY/IN/WV/TN),https://carsandcoffeeevents.com/events/indiana-cruisers-monthly-cruise-the-square,
Southern Indiana Car & Coffee,2026-10-10,8:00 AM,11:00 AM,"4809 Outer Loop, Louisville, KY 40219","4809 Outer Loop, Louisville, KY 40219","Louisville, KY",,Local,32,,iCloud Published Calendar (ICS),https://facebook.com/events/s/southern-indiana-car-coffee/2441859369604401/,https://facebook.com/events/s/southern-indiana-car-coffee/2441859369604401/
Cincinnati Cars and Coffee @ Crestview Hills,2026-10-10,8:00 AM,10:30 AM,"2751 Dixie Hwy, Crestview Hills, KY 41017","2751 Dixie Hwy, Crestview Hills, KY 41017","Cincinnati, OH",,Small,20,,iCloud Published Calendar (ICS),https://p147-caldav.icloud.com/published/2/MjAyOTg3MDYzMDYyMDI5OBf9ajX0FwLfmy7tt5VOuuB3qsUCkmTmEXtFYEkUfJhPbL01ZnaiaS-7j1aRwxpLpv3Uusg0k-ywiw3A3H9vbBk,https://www.facebook.com/groups/881422478573528/
Lawrenceburg Cars & Coffee,2026-10-10,8:00 AM,11:00 AM,"68 Doughty Rd, Lawrenceburg, IN 47025","68 Doughty Rd, Lawrenceburg, IN 47025","Cincinnati, OH",,Small,20,,CarsAndCoffeeEvents API (OH/KY/IN); CarsAndCoffeeEvents API (OH/KY/IN/WV/TN),https://carsandcoffeeevents.com/events/lawrenceburg-cars-coffee-2026-10-10,https://www.facebook.com/Lawrenceburgcarsandcoffee/
Circuit Cafe / Cincinnati Cars and Coffee,2026-10-10,8:00 AM,12:00 PM,"2726 Riverside Drive, Cincinnati, OH 45202","2726 Riverside Drive, Cincinnati, OH 45202","Cincinnati, OH",,Small,20,,iCloud Published Calendar (ICS),https://p147-caldav.icloud.com/published/2/MjAyOTg3MDYzMDYyMDI5OBf9ajX0FwLfmy7tt5VOuuB3qsUCkmTmEXtFYEkUfJhPbL01ZnaiaS-7j1aRwxpLpv3Uusg0k-ywiw3A3H9vbBk,https://www.facebook.com/cincinnaticarsandcoffee
Fly-In / Drive-In Breakfast,2026-10-10,8:30 AM,10:30 AM,"1924 Boston Rd, Bardstown, KY 40004","1924 Boston Rd, Bardstown, KY 40004","Louisville, KY",,Local,32,,CarsAndCoffeeEvents API (OH/KY/IN/WV/TN),https://carsandcoffeeevents.com/events/fly-in-drive-in-breakfast,
Richmond Ky Cars & Coffee,2026-10-10,9:00 AM,11:00 AM,"1414 Dr Robert R Martin Bypass, Richmond, KY 40475","1414 Dr Robert R Martin Bypass, Richmond, KY 40475","Lexington, KY",,Small,20,,CarsAndCoffeeEvents API (OH/KY/IN); CarsAndCoffeeEvents API (OH/KY/IN/WV/TN),https://carsandcoffeeevents.com/events/richmond-ky-cars-coffee-2026-10-10,
Springfield Cars and Coffee,2026-10-10,9:00 AM,12:00 PM,"201 E North St, Springfield, OH 45501","201 E North St, Springfield, OH 45501","Dayton, OH",,Small,20,,CarsAndCoffeeEvents API (OH/KY/IN/WV/TN),https://carsandcoffeeevents.com/events/springfield-cars-and-coffee,
2nd annual David Landman memorial car show!,2026-10-10,10:00 AM,4:00 PM,"1470 North Bridge Street, Chillicothe, OH 45601","1470 North Bridge Street, Chillicothe, OH 45601","Columbus, OH",Registration required,Local,46,,CarsAndCoffeeEvents API (OH/KY/IN); CarsAndCoffeeEvents API (OH/KY/IN/WV/TN),https://carsandcoffeeevents.com/events/david-landman-memorial-car-show-2026-10-10,
Friends for Paws Car Show,2026-10-10,10:00 AM,2:00 PM,"299 Falls Park Drive, Pendleton, IN 46064","299 Falls Park Drive, Pendleton, IN 46064","Indianapolis, IN",,Local,32,,CarsAndCoffeeEvents API (OH/KY/IN); CarsAndCoffeeEvents API (OH/KY/IN/WV/TN),https://carsandcoffeeevents.com/events/friends-for-paws-car-show,
Cars at Madison Square,2026-10-10,11:00 AM,2:00 PM,"5350 Medpace Way, Cincinnati, OH 45227","5350 Medpace Way, Cincinnati, OH 45227","Cincinnati, OH",,Local,32,,iCloud Published Calendar (ICS),https://p147-caldav.icloud.com/published/2/MjAyOTg3MDYzMDYyMDI5OBf9ajX0FwLfmy7tt5VOuuB3qsUCkmTmEXtFYEkUfJhPbL01ZnaiaS-7j1aRwxpLpv3Uusg0k-ywiw3A3H9vbBk,https://www.facebook.com/ElementEatery/
Merchant’s Cruise-in – Fort Street Car Classics,2026-10-10,4:00 PM,8:00 PM,"113 N Wayne St, Fort Recovery, OH 45846","113 N Wayne St, Fort Recovery, OH 45846","Dayton, OH",,Small,20,,CarsAndCoffeeEvents API (OH/KY/IN); CarsAndCoffeeEvents API (OH/KY/IN/WV/TN),https://carsandcoffeeevents.com/events/merchants-cruise-in-fort-street-car-classics-2026-10-10,
Ohio River Street Rodders Cruise-In,2026-10-10,4:00 PM,8:00 PM,"1193 Fairground Road, Lucasville, OH 45648","1193 Fairground Road, Lucasville, OH 45648","Columbus, OH",Registration required,Small,20,,CarsAndCoffeeEvents API (OH/KY/IN/WV/TN),https://carsandcoffeeevents.com/events/ohio-river-street-rodders-cruise-in,
"2nd Saturday Car Cruise, Food Truck & Concerts",2026-10-10,5:00 PM,8:00 PM,"105 N Main St, Washington Court House, OH 43160","105 N Main St, Washington Court House, OH 43160","Columbus, OH",,Local,46,,CarsAndCoffeeEvents API (OH/KY/IN); CarsAndCoffeeEvents API (OH/KY/IN/WV/TN),https://carsandcoffeeevents.com/events/saturday-car-cruise-food-truck-concerts-2026-10-10,
'Cruise In' Car Show,2026-10-11,12:00 AM,12:00 AM,"4521 Spring Grove Ave, Cincinnati, OH 45232-1934, United States, Cincinnati, OH","4521 Spring Grove Ave, Cincinnati, OH 45232-1934, United States, Cincinnati, OH","Cincinnati, OH",,Small,20,,Google Events (SerpAPI) [serpapi_google_events],https://allevents.in/cincinnati/car-shows,
Circuit Cafe / Cincinnati Cars and Coffee,2026-10-11,8:00 AM,12:00 PM,"2726 Riverside Drive, Cincinnati, OH 45202","2726 Riverside Drive, Cincinnati, OH 45202","Cincinnati, OH",,Small,20,,iCloud Published Calendar (ICS),https://p147-caldav.icloud.com/published/2/MjAyOTg3MDYzMDYyMDI5OBf9ajX0FwLfmy7tt5VOuuB3qsUCkmTmEXtFYEkUfJhPbL01ZnaiaS-7j1aRwxpLpv3Uusg0k-ywiw3A3H9vbBk,https://www.facebook.com/cincinnaticarsandcoffee
'Cruise In' Car Show,2026-10-11,11:00 AM,3:00 PM,"4521 Spring Grove Avenue, Cincinnati, OH 45223","4521 Spring Grove Avenue, Cincinnati, OH 45223","Cincinnati, OH",,Small,20,,iCloud Published Calendar (ICS); iCloud Published Calendar (ICS); CarsAndCoffeeEvents API (OH/KY/IN); iCloud Published Calendar (ICS),https://facebook.com/events/s/cruise-in-car-show/1439212361072214/,https://facebook.com/events/s/cruise-in-car-show/1439212361072214/
Monthly Car & Bike Lunch Cruise In,2026-10-14,11:00 AM,1:00 PM,"1611 Polaris Pkwy, Columbus, OH 43085","1611 Polaris Pkwy, Columbus, OH 43085","Columbus, OH",,Small,12,,CarsAndCoffeeEvents API (OH/KY/IN); CarsAndCoffeeEvents API (OH/KY/IN/WV/TN),https://carsandcoffeeevents.com/events/monthly-car-bike-lunch-cruise-in-2026-10-14,https://www.facebook.com/groups/664728148123633/
Four Bridges Cruise-In,2026-10-14,5:00 PM,7:00 PM,"8300 Four Bridges Drive, Liberty Township, OH 45044","8300 Four Bridges Drive, Liberty Township, OH 45044","Cincinnati, OH",,Small,20,,iCloud Published Calendar (ICS),https://p147-caldav.icloud.com/published/2/MjAyOTg3MDYzMDYyMDI5OBf9ajX0FwLfmy7tt5VOuuB3qsUCkmTmEXtFYEkUfJhPbL01ZnaiaS-7j1aRwxpLpv3Uusg0k-ywiw3A3H9vbBk,https://www.facebook.com/events/1267308188591932/
Daredevil Brewing Co. Speedway Cruise-In,2026-10-14,6:00 PM,6:00 PM,"1151 N Main St, Indianapolis, IN 46201","1151 N Main St, Indianapolis, IN 46201","Indianapolis, IN",,Local,40,,CarsAndCoffeeEvents API (OH/KY/IN); CarsAndCoffeeEvents API (OH/KY/IN/WV/TN),https://carsandcoffeeevents.com/events/daredevil-brewing-co-speedway-cruise-in-2026-10-14,
USB Cars & Coffee Cruise-In,2026-10-14,6:00 PM,8:00 PM,"8805 Governors Hill Dr, Cincinnati, OH 45249","8805 Governors Hill Dr, Cincinnati, OH 45249","Cincinnati, OH",,Small,8,,manual_verified; Manually Verified Events,https://www.facebook.com/p/USB-Cars-Coffee-100067570392427/,https://www.facebook.com/p/USB-Cars-Coffee-100067570392427/
Shepherdsville Cruise-In,2026-10-16,5:00 PM,9:00 PM,"170 W. Joe B Hall Ave 170 W. Joe B Hall Ave, Shepherdsville, KY 40165","170 W. Joe B Hall Ave 170 W. Joe B Hall Ave, Shepherdsville, KY 40165","Louisville, KY",,Small,20,,CarsAndCoffeeEvents API (OH/KY/IN/WV/TN),https://carsandcoffeeevents.com/events/shepherdsville-cruise-in-2,
Austin Dairy Queen Cruise In,2026-10-16,5:00 PM,5:00 PM,"305 N Highway 31, Austin, IN 47102","305 N Highway 31, Austin, IN 47102","Louisville, KY",,Small,20,,CarsAndCoffeeEvents API (OH/KY/IN/WV/TN),https://carsandcoffeeevents.com/events/austin-dairy-queen-cruise-in,
Lawrenceburg Cars & Coffee,2026-10-17,8:00 AM,11:00 AM,"68 Doughty Rd, Lawrenceburg, IN 47025","68 Doughty Rd, Lawrenceburg, IN 47025","Cincinnati, OH",,Small,20,,CarsAndCoffeeEvents API (OH/KY/IN); CarsAndCoffeeEvents API (OH/KY/IN/WV/TN),https://carsandcoffeeevents.com/events/lawrenceburg-cars-coffee-2026-10-17,https://www.facebook.com/Lawrenceburgcarsandcoffee/
Cincy Cars & Coffee @ Liberty Center,2026-10-17,8:00 AM,12:00 PM,"7160 Taylor St, Liberty Township, OH 45069","7160 Taylor St, Liberty Township, OH 45069","Cincinnati, OH",,Small,20,,CarsAndCoffeeEvents API (OH/KY/IN/WV/TN),https://carsandcoffeeevents.com/events/cincy-cars-coffee-at-liberty-center,https://www.facebook.com/LibertyCenterOhio/
Southern Indiana Car & Coffee,2026-10-17,8:00 AM,11:00 AM,"4809 Outer Loop, Louisville, KY 40219","4809 Outer Loop, Louisville, KY 40219","Louisville, KY",,Local,32,,iCloud Published Calendar (ICS),https://facebook.com/events/s/southern-indiana-car-coffee/2441859369604401/,https://facebook.com/events/s/southern-indiana-car-coffee/2441859369604401/
Cincinnati Cars and Coffee @ Crestview Hills,2026-10-17,8:00 AM,10:30 AM,"2751 Dixie Hwy, Crestview Hills, KY 41017","2751 Dixie Hwy, Crestview Hills, KY 41017","Cincinnati, OH",,Small,20,,iCloud Published Calendar (ICS),https://p147-caldav.icloud.com/published/2/MjAyOTg3MDYzMDYyMDI5OBf9ajX0FwLfmy7tt5VOuuB3qsUCkmTmEXtFYEkUfJhPbL01ZnaiaS-7j1aRwxpLpv3Uusg0k-ywiw3A3H9vbBk,https://www.facebook.com/groups/881422478573528/
Circuit Cafe / Cincinnati Cars and Coffee,2026-10-17,8:00 AM,12:00 PM,"2726 Riverside Drive, Cincinnati, OH 45202","2726 Riverside Drive, Cincinnati, OH 45202","Cincinnati, OH",,Small,20,,iCloud Published Calendar (ICS),https://p147-caldav.icloud.com/published/2/MjAyOTg3MDYzMDYyMDI5OBf9ajX0FwLfmy7tt5VOuuB3qsUCkmTmEXtFYEkUfJhPbL01ZnaiaS-7j1aRwxpLpv3Uusg0k-ywiw3A3H9vbBk,https://www.facebook.com/cincinnaticarsandcoffee
Cars and Coffee - Columbus,2026-10-17,9:00 AM,11:00 AM,"3300 10th St, Columbus, IN 47201","3300 10th St, Columbus, IN 47201","Indianapolis, IN",,Local,34,,CarsAndCoffeeEvents API (OH/KY/IN); CarsAndCoffeeEvents API (OH/KY/IN/WV/TN),https://carsandcoffeeevents.com/events/cars-and-coffee-columbus,
Winchester Cars & Coffee,2026-10-17,9:00 AM,11:00 AM,"225 W North St, Winchester, IN 47394","225 W North St, Winchester, IN 47394","Fort Wayne, IN",,Small,20,,CarsAndCoffeeEvents API (OH/KY/IN/WV/TN),https://carsandcoffeeevents.com/events/winchester-cars-coffee,
Lighthouse Church Car Show,2026-10-17,10:00 AM,2:00 PM,"8270 Beech St, Elizabeth, IN 47117","8270 Beech St, Elizabeth, IN 47117","Louisville, KY",Registration required,Local,32,,CarsAndCoffeeEvents API (OH/KY/IN/WV/TN),https://carsandcoffeeevents.com/events/lighthouse-church-car-show,
Cars at Madison Square,2026-10-17,11:00 AM,2:00 PM,"5350 Medpace Way, Cincinnati, OH 45227","5350 Medpace Way, Cincinnati, OH 45227","Cincinnati, OH",,Local,32,,iCloud Published Calendar (ICS),https://p147-caldav.icloud.com/published/2/MjAyOTg3MDYzMDYyMDI5OBf9ajX0FwLfmy7tt5VOuuB3qsUCkmTmEXtFYEkUfJhPbL01ZnaiaS-7j1aRwxpLpv3Uusg0k-ywiw3A3H9vbBk,https://www.facebook.com/ElementEatery/
Sidney First Naz Fall Harvest Festival & Anything On Wheels Car Cruise,2026-10-17,12:00 PM,2:30 PM,"1899 Wapakoneta Ave, Sidney, OH 45365","1899 Wapakoneta Ave, Sidney, OH 45365","Dayton, OH",Registration required,Local,46,,CarsAndCoffeeEvents API (OH/KY/IN); CarsAndCoffeeEvents API (OH/KY/IN/WV/TN),https://carsandcoffeeevents.com/events/sidney-first-naz-fall-harvest-festival-anything-on-wheels-car-cruise-2026-10-17,
Capital City Classic Auto Club Classic Car Cruise-In,2026-10-17,12:00 PM,2:00 PM,"629 Versailles Rd, Frankfort, KY 40601","629 Versailles Rd, Frankfort, KY 40601","Lexington, KY",,Small,20,,CarsAndCoffeeEvents API (OH/KY/IN); CarsAndCoffeeEvents API (OH/KY/IN/WV/TN),https://carsandcoffeeevents.com/events/capital-city-classic-auto-club-classic-car-cruise-in-2026-10-17,
Mid Ohio Cruisers 2026 Car Show,2026-10-17,5:00 PM,7:30 PM,"1575 Cobblestone Way, Marysville, OH 43040","1575 Cobblestone Way, Marysville, OH 43040","Columbus, OH",Registration required,Local,32,,CarsAndCoffeeEvents API (OH/KY/IN/WV/TN),https://carsandcoffeeevents.com/events/mid-ohio-cruisers-2026-car-show,
Cancer Awareness Rally – Day 1,2026-10-17,11:00 PM,1:00 AM,"Launch Washington, DC","Launch Washington, DC","Cincinnati, OH",,Local,32,,sheet,https://gravityrally.com/pages/2026-cancer-awareness-rally,https://gravityrally.com/pages/2026-cancer-awareness-rally
2026 Rally #5 - Hoosier Buckeye Rally,2026-10-18,12:00 AM,12:00 AM,Evansville Indiana Area-Road Rally,"Cincinnati, OH","Cincinnati, OH",,Local,32,,MotorsportReg regional autos,https://stlscca.motorsportreg.com/events/2026-rally-5-hoosier-buckeye-evansville-indiana-area-road-scca-southern-242026,
Circuit Cafe / Cincinnati Cars and Coffee,2026-10-18,8:00 AM,12:00 PM,"2726 Riverside Drive, Cincinnati, OH 45202","2726 Riverside Drive, Cincinnati, OH 45202","Cincinnati, OH",,Small,20,,iCloud Published Calendar (ICS); CarsAndCoffeeEvents API (OH/KY/IN); iCloud Published Calendar (ICS),https://p147-caldav.icloud.com/published/2/MjAyOTg3MDYzMDYyMDI5OBf9ajX0FwLfmy7tt5VOuuB3qsUCkmTmEXtFYEkUfJhPbL01ZnaiaS-7j1aRwxpLpv3Uusg0k-ywiw3A3H9vbBk,https://www.facebook.com/cincinnaticarsandcoffee
Cars & Coffee,2026-10-18,8:00 AM,11:00 AM,"5811 Main St., McCordsville, IN 46055","5811 Main St., McCordsville, IN 46055","Indianapolis, IN",,Small,20,,CarsAndCoffeeEvents API (OH/KY/IN/WV/TN),https://carsandcoffeeevents.com/events/cars-coffee-32,
Fairfield Cars and Coffee,2026-10-18,9:00 AM,12:00 PM,"8695 Bilstein Blvd, Hamilton, OH 45015","8695 Bilstein Blvd, Hamilton, OH 45015","Cincinnati, OH",,Small,20,,manual_verified; Manually Verified Events,https://www.facebook.com/groups/962325874974960,https://www.facebook.com/groups/962325874974960
Historic Cammack Station Charity Cruise-In,2026-10-18,1:00 PM,5:00 PM,"9200 W. Jackson Street, Muncie, IN 47302","9200 W. Jackson Street, Muncie, IN 47302","Indianapolis, IN",Registration required,Small,20,,CarsAndCoffeeEvents API (OH/KY/IN); CarsAndCoffeeEvents API (OH/KY/IN/WV/TN),https://carsandcoffeeevents.com/events/historic-cammack-station-charity-cruise-in-2026-10-18,https://www.facebook.com/p/Cammack-Station-Cruise-In-Friday-Nights-at-Cammack-100071862756345/
Pharaohs of Kentucky Hooter’s Car Show,2026-10-18,4:00 PM,7:00 PM,"3101 Richmond Road 3101 Richmond Road, Lexington, KY 40502","3101 Richmond Road 3101 Richmond Road, Lexington, KY 40502","Lexington, KY",Registration required,Local,32,,CarsAndCoffeeEvents API (OH/KY/IN/WV/TN),https://carsandcoffeeevents.com/events/pharaohs-of-kentucky-and-hooters-hooters-car-show,
Cancer Awareness Rally – Day 2,2026-10-18,11:00 PM,1:00 AM,"Washington, DC","Washington, DC","Pittsburgh, PA",,Local,32,,sheet,Same as above,https://gravityrally.com/pages/2026-cancer-awareness-rally
Cancer Awareness Rally – Day 3,2026-10-19,11:00 PM,1:00 AM,"Bristol, TN","Bristol, TN","Knoxville, TN",,Local,32,,sheet,Same as above,https://gravityrally.com/pages/2026-cancer-awareness-rally
Cancer Awareness Rally – Day 4,2026-10-20,11:00 PM,1:00 AM,"Knoxville, TN","Knoxville, TN","Knoxville, TN",,Local,32,,sheet,Same as above,https://gravityrally.com/pages/2026-cancer-awareness-rally
Four Bridges Cruise-In,2026-10-21,5:00 PM,7:00 PM,"8300 Four Bridges Dr., Liberty Township, OH 45044","8300 Four Bridges Dr., Liberty Township, OH 45044","Cincinnati, OH",Registration required,Small,20,,CarsAndCoffeeEvents API (OH/KY/IN/WV/TN),https://carsandcoffeeevents.com/events/four-bridges-cruise-in,https://www.facebook.com/events/1267308188591932/
Cancer Awareness Rally – Day 5,2026-10-21,11:00 PM,1:00 AM,"Nashville, TN","Nashville, TN","Nashville, TN",,Local,32,,sheet,Same as above,https://gravityrally.com/pages/2026-cancer-awareness-rally
Fall 2026 Rennsport Dragon Rally®,2026-10-23,8:00 AM,5:00 PM,Fontana Village Resort & Marina,"Cincinnati, OH","Cincinnati, OH",,Local,32,,iCloud Published Calendar (ICS),https://facebook.com/events/s/fall-2026-rennsport-dragon-ral/1422620702802640/,https://facebook.com/events/s/fall-2026-rennsport-dragon-ral/1422620702802640/
Southern Indiana Car & Coffee,2026-10-24,8:00 AM,11:00 AM,"4809 Outer Loop, Louisville, KY 40219","4809 Outer Loop, Louisville, KY 40219","Louisville, KY",,Local,32,,iCloud Published Calendar (ICS),https://facebook.com/events/s/southern-indiana-car-coffee/2441859369604401/,https://facebook.com/events/s/southern-indiana-car-coffee/2441859369604401/
Indianapolis Cars & Coffee [Trunk-or-Treat] 👻🎃🍂🚗 - Hosted by Model 1 and Lakefront at Keystone,2026-10-24,8:00 AM,11:00 AM,"9225 Priority Way West Dr, Indianapolis, IN 46240-0108","9225 Priority Way West Dr, Indianapolis, IN 46240-0108","Indianapolis, IN",,Small,20,,iCloud Published Calendar (ICS),https://facebook.com/events/s/indianapolis-cars-coffee-trunk/1305039368396062/,https://facebook.com/events/s/indianapolis-cars-coffee-trunk/1305039368396062/
Cincinnati Cars and Coffee @ Crestview Hills,2026-10-24,8:00 AM,10:30 AM,"2751 Dixie Hwy, Crestview Hills, KY 41017","2751 Dixie Hwy, Crestview Hills, KY 41017","Cincinnati, OH",,Small,20,,iCloud Published Calendar (ICS),https://p147-caldav.icloud.com/published/2/MjAyOTg3MDYzMDYyMDI5OBf9ajX0FwLfmy7tt5VOuuB3qsUCkmTmEXtFYEkUfJhPbL01ZnaiaS-7j1aRwxpLpv3Uusg0k-ywiw3A3H9vbBk,https://www.facebook.com/groups/881422478573528/
Indianapolis Cars and Coffee - Trunk-or-treat,2026-10-24,8:00 AM,11:00 AM,"9225 Priority Way West Drive, Indianapolis, IN 46240","9225 Priority Way West Drive, Indianapolis, IN 46240","Indianapolis, IN",,Small,20,,iCloud Published Calendar (ICS),https://p147-caldav.icloud.com/published/2/MjAyOTg3MDYzMDYyMDI5OBf9ajX0FwLfmy7tt5VOuuB3qsUCkmTmEXtFYEkUfJhPbL01ZnaiaS-7j1aRwxpLpv3Uusg0k-ywiw3A3H9vbBk,https://www.facebook.com/IndyCarsandCoffee/
Circuit Cafe / Cincinnati Cars and Coffee,2026-10-24,8:00 AM,12:00 PM,"2726 Riverside Drive, Cincinnati, OH 45202","2726 Riverside Drive, Cincinnati, OH 45202","Cincinnati, OH",,Small,20,,iCloud Published Calendar (ICS),https://p147-caldav.icloud.com/published/2/MjAyOTg3MDYzMDYyMDI5OBf9ajX0FwLfmy7tt5VOuuB3qsUCkmTmEXtFYEkUfJhPbL01ZnaiaS-7j1aRwxpLpv3Uusg0k-ywiw3A3H9vbBk,https://www.facebook.com/cincinnaticarsandcoffee
Danville Professional Firefighters Car Show,2026-10-24,10:00 AM,2:00 PM,"1000 Cunningham Dr., Danville, KY 40422","1000 Cunningham Dr., Danville, KY 40422","Lexington, KY",Registration required,Local,32,,CarsAndCoffeeEvents API (OH/KY/IN); CarsAndCoffeeEvents API (OH/KY/IN/WV/TN),https://carsandcoffeeevents.com/events/danville-professional-firefighters-car-show,
Cars at Madison Square,2026-10-24,11:00 AM,2:00 PM,"5350 Medpace Way, Cincinnati, OH 45227","5350 Medpace Way, Cincinnati, OH 45227","Cincinnati, OH",,Local,32,,iCloud Published Calendar (ICS),https://p147-caldav.icloud.com/published/2/MjAyOTg3MDYzMDYyMDI5OBf9ajX0FwLfmy7tt5VOuuB3qsUCkmTmEXtFYEkUfJhPbL01ZnaiaS-7j1aRwxpLpv3Uusg0k-ywiw3A3H9vbBk,https://www.facebook.com/ElementEatery/
Graham Rahal Performance Trunk or Treat,2026-10-24,4:00 PM,6:00 PM,"10850 Creek Way, Zionsville, IN 46077","10850 Creek Way, Zionsville, IN 46077","Indianapolis, IN",,Local,32,,Manually Verified Events,https://www.instagram.com/grahamrahalperformance,https://www.instagram.com/grahamrahalperformance
Circuit Cafe / Cincinnati Cars and Coffee,2026-10-25,8:00 AM,12:00 PM,"2726 Riverside Drive, Cincinnati, OH 45202","2726 Riverside Drive, Cincinnati, OH 45202","Cincinnati, OH",,Small,20,,iCloud Published Calendar (ICS); CarsAndCoffeeEvents API (OH/KY/IN); iCloud Published Calendar (ICS),https://p147-caldav.icloud.com/published/2/MjAyOTg3MDYzMDYyMDI5OBf9ajX0FwLfmy7tt5VOuuB3qsUCkmTmEXtFYEkUfJhPbL01ZnaiaS-7j1aRwxpLpv3Uusg0k-ywiw3A3H9vbBk,https://www.facebook.com/cincinnaticarsandcoffee
Liberty Center Cars & Coffee,2026-10-25,8:00 AM,12:00 PM,"7160 Taylor Street 7160 Taylor Street, Liberty Township, OH 45069","7160 Taylor Street 7160 Taylor Street, Liberty Township, OH 45069","Cincinnati, OH",,Small,20,,CarsAndCoffeeEvents API (OH/KY/IN/WV/TN),https://carsandcoffeeevents.com/events/liberty-center-cars-coffee,https://www.facebook.com/LibertyCenterOhio/
Four Bridges Cruise-In,2026-10-28,5:00 PM,7:00 PM,"8300 Four Bridges Drive, Liberty Township, OH 45044","8300 Four Bridges Drive, Liberty Township, OH 45044","Cincinnati, OH",,Small,20,,iCloud Published Calendar (ICS),https://p147-caldav.icloud.com/published/2/MjAyOTg3MDYzMDYyMDI5OBf9ajX0FwLfmy7tt5VOuuB3qsUCkmTmEXtFYEkUfJhPbL01ZnaiaS-7j1aRwxpLpv3Uusg0k-ywiw3A3H9vbBk,https://www.facebook.com/events/1267308188591932/
Historic Cammack Station Charity Cruise-In,2026-10-30,4:00 PM,8:00 PM,"9200 W. Jackson Street, Muncie, IN 47302","9200 W. Jackson Street, Muncie, IN 47302","Indianapolis, IN",Registration required,Small,20,,CarsAndCoffeeEvents API (OH/KY/IN); CarsAndCoffeeEvents API (OH/KY/IN/WV/TN),https://carsandcoffeeevents.com/events/historic-cammack-station-charity-cruise-in-2026-10-30,https://www.facebook.com/p/Cammack-Station-Cruise-In-Friday-Nights-at-Cammack-100071862756345/
Southern Indiana Car & Coffee,2026-10-31,8:00 AM,11:00 AM,"4809 Outer Loop, Louisville, KY 40219","4809 Outer Loop, Louisville, KY 40219","Louisville, KY",,Local,32,,iCloud Published Calendar (ICS),https://facebook.com/events/s/southern-indiana-car-coffee/2441859369604401/,https://facebook.com/events/s/southern-indiana-car-coffee/2441859369604401/
Cincinnati Cars and Coffee @ Crestview Hills,2026-10-31,8:00 AM,10:30 AM,"2751 Dixie Hwy, Crestview Hills, KY 41017","2751 Dixie Hwy, Crestview Hills, KY 41017","Cincinnati, OH",,Small,20,,iCloud Published Calendar (ICS),https://p147-caldav.icloud.com/published/2/MjAyOTg3MDYzMDYyMDI5OBf9ajX0FwLfmy7tt5VOuuB3qsUCkmTmEXtFYEkUfJhPbL01ZnaiaS-7j1aRwxpLpv3Uusg0k-ywiw3A3H9vbBk,https://www.facebook.com/groups/881422478573528/
Circuit Cafe / Cincinnati Cars and Coffee,2026-10-31,8:00 AM,12:00 PM,"2726 Riverside Drive, Cincinnati, OH 45202","2726 Riverside Drive, Cincinnati, OH 45202","Cincinnati, OH",,Small,20,,iCloud Published Calendar (ICS),https://p147-caldav.icloud.com/published/2/MjAyOTg3MDYzMDYyMDI5OBf9ajX0FwLfmy7tt5VOuuB3qsUCkmTmEXtFYEkUfJhPbL01ZnaiaS-7j1aRwxpLpv3Uusg0k-ywiw3A3H9vbBk,https://www.facebook.com/cincinnaticarsandcoffee
Cars at Madison Square,2026-10-31,11:00 AM,2:00 PM,"5350 Medpace Way, Cincinnati, OH 45227","5350 Medpace Way, Cincinnati, OH 45227","Cincinnati, OH",,Local,32,,iCloud Published Calendar (ICS),https://p147-caldav.icloud.com/published/2/MjAyOTg3MDYzMDYyMDI5OBf9ajX0FwLfmy7tt5VOuuB3qsUCkmTmEXtFYEkUfJhPbL01ZnaiaS-7j1aRwxpLpv3Uusg0k-ywiw3A3H9vbBk,https://www.facebook.com/ElementEatery/
Steels & Wheels Halloween Car Show,2026-10-31,12:00 PM,4:00 PM,"100 Gender Rd, Canal Winchester, OH 43110","100 Gender Rd, Canal Winchester, OH 43110","Columbus, OH",Registration required,Local,32,,CarsAndCoffeeEvents API (OH/KY/IN); CarsAndCoffeeEvents API (OH/KY/IN/WV/TN),https://carsandcoffeeevents.com/events/steels-wheels-halloween-car-show-2026-10-31,
Circuit Cafe / Cincinnati Cars and Coffee,2026-11-01,8:00 AM,12:00 PM,"2726 Riverside Drive, Cincinnati, OH 45202","2726 Riverside Drive, Cincinnati, OH 45202","Cincinnati, OH",,Small,20,,iCloud Published Calendar (ICS); CarsAndCoffeeEvents API (OH/KY/IN); iCloud Published Calendar (ICS),https://p147-caldav.icloud.com/published/2/MjAyOTg3MDYzMDYyMDI5OBf9ajX0FwLfmy7tt5VOuuB3qsUCkmTmEXtFYEkUfJhPbL01ZnaiaS-7j1aRwxpLpv3Uusg0k-ywiw3A3H9vbBk,https://www.facebook.com/cincinnaticarsandcoffee
Corsa Dragon Rally – Day 1,2026-11-06,9:00 AM,11:00 AM,"Atlanta, GA","Atlanta, GA","Knoxville, TN",,Local,32,,sheet,https://corsarally.com/events/dragon/,https://corsarally.com/events/dragon/
Southern Indiana Car & Coffee,2026-11-07,8:00 AM,11:00 AM,"4809 Outer Loop, Louisville, KY 40219","4809 Outer Loop, Louisville, KY 40219","Louisville, KY",,Local,32,,iCloud Published Calendar (ICS),https://facebook.com/events/s/southern-indiana-car-coffee/2441859369604401/,https://facebook.com/events/s/southern-indiana-car-coffee/2441859369604401/
Circuit Cafe / Cincinnati Cars and Coffee,2026-11-07,8:00 AM,12:00 PM,"2726 Riverside Drive, Cincinnati, OH 45202","2726 Riverside Drive, Cincinnati, OH 45202","Cincinnati, OH",,Small,20,,iCloud Published Calendar (ICS),https://p147-caldav.icloud.com/published/2/MjAyOTg3MDYzMDYyMDI5OBf9ajX0FwLfmy7tt5VOuuB3qsUCkmTmEXtFYEkUfJhPbL01ZnaiaS-7j1aRwxpLpv3Uusg0k-ywiw3A3H9vbBk,https://www.facebook.com/cincinnaticarsandcoffee
Columbus Cars n Coffee Meetup – 1st Saturdays,2026-11-07,8:30 AM,12:00 PM,"3650 Olentangy River Rd, Columbus, OH 43085","3650 Olentangy River Rd, Columbus, OH 43085","Columbus, OH",,Local,42,,CarsAndCoffeeEvents API (OH/KY/IN); CarsAndCoffeeEvents API (OH/KY/IN/WV/TN),https://carsandcoffeeevents.com/events/columbus-cars-n-coffee-meetup-saturdays-2026-11-07,https://www.facebook.com/TheColumbusCarsandCoffee/
Corsa Dragon Rally – Day 2,2026-11-07,9:00 AM,11:00 AM,"Atlanta, GA","Atlanta, GA","Knoxville, TN",,Local,32,,sheet,Same as above,https://corsarally.com/events/dragon/
Hocking Hills Cars & Coffee,2026-11-07,9:00 AM,11:30 AM,"12762 Grey St, Logan, OH 43138","12762 Grey St, Logan, OH 43138","Columbus, OH",,Small,20,,Manually Verified Events,https://www.facebook.com/HockingHillsCC,https://www.facebook.com/HockingHillsCC
READ DETAILS!!! Coldwell Banker 4th Annual Car & Truck Show,2026-11-07,10:00 AM,3:00 PM,"297 Buttermilk Pike, Fort Mitchell, KY 41017-2136","297 Buttermilk Pike, Fort Mitchell, KY 41017-2136","Cincinnati, OH",,Local,46,,iCloud Published Calendar (ICS),https://facebook.com/events/s/read-details-coldwell-banker-4/1416195726981667/,https://facebook.com/events/s/read-details-coldwell-banker-4/1416195726981667/
Cars at Madison Square,2026-11-07,11:00 AM,2:00 PM,"5350 Medpace Way, Cincinnati, OH 45227","5350 Medpace Way, Cincinnati, OH 45227","Cincinnati, OH",,Local,32,,iCloud Published Calendar (ICS),https://p147-caldav.icloud.com/published/2/MjAyOTg3MDYzMDYyMDI5OBf9ajX0FwLfmy7tt5VOuuB3qsUCkmTmEXtFYEkUfJhPbL01ZnaiaS-7j1aRwxpLpv3Uusg0k-ywiw3A3H9vbBk,https://www.facebook.com/ElementEatery/
Circuit Cafe / Cincinnati Cars and Coffee,2026-11-08,8:00 AM,12:00 PM,"2726 Riverside Drive, Cincinnati, OH 45202","2726 Riverside Drive, Cincinnati, OH 45202","Cincinnati, OH",,Small,20,,iCloud Published Calendar (ICS); CarsAndCoffeeEvents API (OH/KY/IN); iCloud Published Calendar (ICS),https://p147-caldav.icloud.com/published/2/MjAyOTg3MDYzMDYyMDI5OBf9ajX0FwLfmy7tt5VOuuB3qsUCkmTmEXtFYEkUfJhPbL01ZnaiaS-7j1aRwxpLpv3Uusg0k-ywiw3A3H9vbBk,https://www.facebook.com/cincinnaticarsandcoffee
Corsa Dragon Rally – Day 3,2026-11-08,9:00 AM,11:00 AM,"Asheville, NC","Asheville, NC","Knoxville, TN",,Local,32,,sheet,Same as above,https://corsarally.com/events/dragon/
Corsa Dragon Rally – Day 4,2026-11-09,9:00 AM,11:00 AM,"Knoxville, TN","Knoxville, TN","Knoxville, TN",,Local,32,,sheet,Same as above,https://corsarally.com/events/dragon/
Corsa Dragon Rally – Day 5,2026-11-10,9:00 AM,11:00 AM,"Knoxville, TN","Knoxville, TN","Knoxville, TN",,Local,32,,sheet,Same as above,https://corsarally.com/events/dragon/
Monthly Car & Bike Lunch Cruise In,2026-11-11,11:00 AM,1:00 PM,"1611 Polaris Pkwy, Columbus, OH 43085","1611 Polaris Pkwy, Columbus, OH 43085","Columbus, OH",,Small,12,,CarsAndCoffeeEvents API (OH/KY/IN); CarsAndCoffeeEvents API (OH/KY/IN/WV/TN),https://carsandcoffeeevents.com/events/monthly-car-bike-lunch-cruise-in-2026-11-11,https://www.facebook.com/groups/664728148123633/
Circuit Cafe / Cincinnati Cars and Coffee,2026-11-14,8:00 AM,12:00 PM,"2726 Riverside Drive, Cincinnati, OH 45202","2726 Riverside Drive, Cincinnati, OH 45202","Cincinnati, OH",,Small,20,,iCloud Published Calendar (ICS),https://p147-caldav.icloud.com/published/2/MjAyOTg3MDYzMDYyMDI5OBf9ajX0FwLfmy7tt5VOuuB3qsUCkmTmEXtFYEkUfJhPbL01ZnaiaS-7j1aRwxpLpv3Uusg0k-ywiw3A3H9vbBk,https://www.facebook.com/cincinnaticarsandcoffee
Cars at Madison Square,2026-11-14,11:00 AM,2:00 PM,"5350 Medpace Way, Cincinnati, OH 45227","5350 Medpace Way, Cincinnati, OH 45227","Cincinnati, OH",,Local,32,,iCloud Published Calendar (ICS),https://p147-caldav.icloud.com/published/2/MjAyOTg3MDYzMDYyMDI5OBf9ajX0FwLfmy7tt5VOuuB3qsUCkmTmEXtFYEkUfJhPbL01ZnaiaS-7j1aRwxpLpv3Uusg0k-ywiw3A3H9vbBk,https://www.facebook.com/ElementEatery/
Circuit Cafe / Cincinnati Cars and Coffee,2026-11-15,8:00 AM,12:00 PM,"2726 Riverside Drive, Cincinnati, OH 45202","2726 Riverside Drive, Cincinnati, OH 45202","Cincinnati, OH",,Small,20,,iCloud Published Calendar (ICS); CarsAndCoffeeEvents API (OH/KY/IN); iCloud Published Calendar (ICS),https://p147-caldav.icloud.com/published/2/MjAyOTg3MDYzMDYyMDI5OBf9ajX0FwLfmy7tt5VOuuB3qsUCkmTmEXtFYEkUfJhPbL01ZnaiaS-7j1aRwxpLpv3Uusg0k-ywiw3A3H9vbBk,https://www.facebook.com/cincinnaticarsandcoffee
Circuit Cafe / Cincinnati Cars and Coffee,2026-11-21,8:00 AM,12:00 PM,"2726 Riverside Drive, Cincinnati, OH 45202","2726 Riverside Drive, Cincinnati, OH 45202","Cincinnati, OH",,Small,20,,iCloud Published Calendar (ICS),https://p147-caldav.icloud.com/published/2/MjAyOTg3MDYzMDYyMDI5OBf9ajX0FwLfmy7tt5VOuuB3qsUCkmTmEXtFYEkUfJhPbL01ZnaiaS-7j1aRwxpLpv3Uusg0k-ywiw3A3H9vbBk,https://www.facebook.com/cincinnaticarsandcoffee
Cars at Madison Square,2026-11-21,11:00 AM,2:00 PM,"5350 Medpace Way, Cincinnati, OH 45227","5350 Medpace Way, Cincinnati, OH 45227","Cincinnati, OH",,Local,32,,iCloud Published Calendar (ICS),https://p147-caldav.icloud.com/published/2/MjAyOTg3MDYzMDYyMDI5OBf9ajX0FwLfmy7tt5VOuuB3qsUCkmTmEXtFYEkUfJhPbL01ZnaiaS-7j1aRwxpLpv3Uusg0k-ywiw3A3H9vbBk,https://www.facebook.com/ElementEatery/
Circuit Cafe / Cincinnati Cars and Coffee,2026-11-22,8:00 AM,12:00 PM,"2726 Riverside Drive, Cincinnati, OH 45202","2726 Riverside Drive, Cincinnati, OH 45202","Cincinnati, OH",,Small,20,,iCloud Published Calendar (ICS); CarsAndCoffeeEvents API (OH/KY/IN); iCloud Published Calendar (ICS),https://p147-caldav.icloud.com/published/2/MjAyOTg3MDYzMDYyMDI5OBf9ajX0FwLfmy7tt5VOuuB3qsUCkmTmEXtFYEkUfJhPbL01ZnaiaS-7j1aRwxpLpv3Uusg0k-ywiw3A3H9vbBk,https://www.facebook.com/cincinnaticarsandcoffee
Circuit Cafe / Cincinnati Cars and Coffee,2026-11-28,8:00 AM,12:00 PM,"2726 Riverside Drive, Cincinnati, OH 45202","2726 Riverside Drive, Cincinnati, OH 45202","Cincinnati, OH",,Small,20,,iCloud Published Calendar (ICS),https://p147-caldav.icloud.com/published/2/MjAyOTg3MDYzMDYyMDI5OBf9ajX0FwLfmy7tt5VOuuB3qsUCkmTmEXtFYEkUfJhPbL01ZnaiaS-7j1aRwxpLpv3Uusg0k-ywiw3A3H9vbBk,https://www.facebook.com/cincinnaticarsandcoffee
Ohio Ford Expo,2026-11-28,9:00 AM,4:00 PM,"717 E. 17th Ave., Columbus, OH 43211","717 E. 17th Ave., Columbus, OH 43211","Columbus, OH",,Regional,62,,CarsAndCoffeeEvents API (OH/KY/IN/WV/TN),https://carsandcoffeeevents.com/events/ohio-ford-expo,
Cars at Madison Square,2026-11-28,11:00 AM,2:00 PM,"5350 Medpace Way, Cincinnati, OH 45227","5350 Medpace Way, Cincinnati, OH 45227","Cincinnati, OH",,Local,32,,iCloud Published Calendar (ICS),https://p147-caldav.icloud.com/published/2/MjAyOTg3MDYzMDYyMDI5OBf9ajX0FwLfmy7tt5VOuuB3qsUCkmTmEXtFYEkUfJhPbL01ZnaiaS-7j1aRwxpLpv3Uusg0k-ywiw3A3H9vbBk,https://www.facebook.com/ElementEatery/
Circuit Cafe / Cincinnati Cars and Coffee,2026-11-29,8:00 AM,12:00 PM,"2726 Riverside Drive, Cincinnati, OH 45202","2726 Riverside Drive, Cincinnati, OH 45202","Cincinnati, OH",,Small,20,,iCloud Published Calendar (ICS); CarsAndCoffeeEvents API (OH/KY/IN); iCloud Published Calendar (ICS),https://p147-caldav.icloud.com/published/2/MjAyOTg3MDYzMDYyMDI5OBf9ajX0FwLfmy7tt5VOuuB3qsUCkmTmEXtFYEkUfJhPbL01ZnaiaS-7j1aRwxpLpv3Uusg0k-ywiw3A3H9vbBk,https://www.facebook.com/cincinnaticarsandcoffee
Columbus Cars n Coffee Meetup – 1st Saturdays,2026-12-05,8:30 AM,12:00 PM,"3650 Olentangy River Rd, Columbus, OH 43085","3650 Olentangy River Rd, Columbus, OH 43085","Columbus, OH",,Local,42,,CarsAndCoffeeEvents API (OH/KY/IN); CarsAndCoffeeEvents API (OH/KY/IN/WV/TN),https://carsandcoffeeevents.com/events/columbus-cars-n-coffee-meetup-saturdays-2026-12-05,https://www.facebook.com/TheColumbusCarsandCoffee/
Cars at Madison Square,2026-12-05,11:00 AM,2:00 PM,"5350 Medpace Way, Cincinnati, OH 45227","5350 Medpace Way, Cincinnati, OH 45227","Cincinnati, OH",,Local,32,,iCloud Published Calendar (ICS),https://p147-caldav.icloud.com/published/2/MjAyOTg3MDYzMDYyMDI5OBf9ajX0FwLfmy7tt5VOuuB3qsUCkmTmEXtFYEkUfJhPbL01ZnaiaS-7j1aRwxpLpv3Uusg0k-ywiw3A3H9vbBk,https://www.facebook.com/ElementEatery/
Monthly Car & Bike Lunch Cruise In,2026-12-09,11:00 AM,1:00 PM,"1611 Polaris Pkwy, Columbus, OH 43085","1611 Polaris Pkwy, Columbus, OH 43085","Columbus, OH",,Small,12,,CarsAndCoffeeEvents API (OH/KY/IN); CarsAndCoffeeEvents API (OH/KY/IN/WV/TN),https://carsandcoffeeevents.com/events/monthly-car-bike-lunch-cruise-in-2026-12-09,https://www.facebook.com/groups/664728148123633/
Car Cruise-In and Kit Haymond Concert,2026-12-10,7:00 PM,7:00 PM,"237 W Monroe St, Franklin, IN 46131","237 W Monroe St, Franklin, IN 46131","Indianapolis, IN",,Small,20,,CarsAndCoffeeEvents API (OH/KY/IN); CarsAndCoffeeEvents API (OH/KY/IN/WV/TN),https://carsandcoffeeevents.com/events/car-cruise-in-and-kit-haymond-concert-2026-12-10,https://www.facebook.com/CruisingFranklinIndiana/
Cars at Madison Square,2026-12-12,11:00 AM,2:00 PM,"5350 Medpace Way, Cincinnati, OH 45227","5350 Medpace Way, Cincinnati, OH 45227","Cincinnati, OH",,Local,32,,iCloud Published Calendar (ICS),https://p147-caldav.icloud.com/published/2/MjAyOTg3MDYzMDYyMDI5OBf9ajX0FwLfmy7tt5VOuuB3qsUCkmTmEXtFYEkUfJhPbL01ZnaiaS-7j1aRwxpLpv3Uusg0k-ywiw3A3H9vbBk,https://www.facebook.com/ElementEatery/
Cars at Madison Square,2026-12-19,11:00 AM,2:00 PM,"5350 Medpace Way, Cincinnati, OH 45227","5350 Medpace Way, Cincinnati, OH 45227","Cincinnati, OH",,Local,32,,iCloud Published Calendar (ICS),https://p147-caldav.icloud.com/published/2/MjAyOTg3MDYzMDYyMDI5OBf9ajX0FwLfmy7tt5VOuuB3qsUCkmTmEXtFYEkUfJhPbL01ZnaiaS-7j1aRwxpLpv3Uusg0k-ywiw3A3H9vbBk,https://www.facebook.com/ElementEatery/
Cars at Madison Square,2026-12-26,11:00 AM,2:00 PM,"5350 Medpace Way, Cincinnati, OH 45227","5350 Medpace Way, Cincinnati, OH 45227","Cincinnati, OH",,Local,32,,iCloud Published Calendar (ICS),https://p147-caldav.icloud.com/published/2/MjAyOTg3MDYzMDYyMDI5OBf9ajX0FwLfmy7tt5VOuuB3qsUCkmTmEXtFYEkUfJhPbL01ZnaiaS-7j1aRwxpLpv3Uusg0k-ywiw3A3H9vbBk,https://www.facebook.com/ElementEatery/
Columbus Cars n Coffee Meetup – 1st Saturdays,2027-01-02,8:30 AM,12:00 PM,"3650 Olentangy River Rd, Columbus, OH 43085","3650 Olentangy River Rd, Columbus, OH 43085","Columbus, OH",,Local,42,,CarsAndCoffeeEvents API (OH/KY/IN); CarsAndCoffeeEvents API (OH/KY/IN/WV/TN),https://carsandcoffeeevents.com/events/columbus-cars-n-coffee-meetup-saturdays-2027-01-02,https://www.facebook.com/TheColumbusCarsandCoffee/
Cars at Madison Square,2027-01-02,11:00 AM,2:00 PM,"5350 Medpace Way, Cincinnati, OH 45227","5350 Medpace Way, Cincinnati, OH 45227","Cincinnati, OH",,Local,32,,iCloud Published Calendar (ICS),https://p147-caldav.icloud.com/published/2/MjAyOTg3MDYzMDYyMDI5OBf9ajX0FwLfmy7tt5VOuuB3qsUCkmTmEXtFYEkUfJhPbL01ZnaiaS-7j1aRwxpLpv3Uusg0k-ywiw3A3H9vbBk,https://www.facebook.com/ElementEatery/
Cars at Madison Square,2027-01-09,11:00 AM,2:00 PM,"5350 Medpace Way, Cincinnati, OH 45227","5350 Medpace Way, Cincinnati, OH 45227","Cincinnati, OH",,Local,32,,iCloud Published Calendar (ICS),https://p147-caldav.icloud.com/published/2/MjAyOTg3MDYzMDYyMDI5OBf9ajX0FwLfmy7tt5VOuuB3qsUCkmTmEXtFYEkUfJhPbL01ZnaiaS-7j1aRwxpLpv3Uusg0k-ywiw3A3H9vbBk,https://www.facebook.com/ElementEatery/
Monthly Car & Bike Lunch Cruise In,2027-01-13,11:00 AM,1:00 PM,"1611 Polaris Pkwy, Columbus, OH 43085","1611 Polaris Pkwy, Columbus, OH 43085","Columbus, OH",,Small,12,,CarsAndCoffeeEvents API (OH/KY/IN); CarsAndCoffeeEvents API (OH/KY/IN/WV/TN),https://carsandcoffeeevents.com/events/monthly-car-bike-lunch-cruise-in-2027-01-13,https://www.facebook.com/groups/664728148123633/
Cars at Madison Square,2027-01-16,11:00 AM,2:00 PM,"5350 Medpace Way, Cincinnati, OH 45227","5350 Medpace Way, Cincinnati, OH 45227","Cincinnati, OH",,Local,32,,iCloud Published Calendar (ICS),https://p147-caldav.icloud.com/published/2/MjAyOTg3MDYzMDYyMDI5OBf9ajX0FwLfmy7tt5VOuuB3qsUCkmTmEXtFYEkUfJhPbL01ZnaiaS-7j1aRwxpLpv3Uusg0k-ywiw3A3H9vbBk,https://www.facebook.com/ElementEatery/
Cars at Madison Square,2027-01-23,11:00 AM,2:00 PM,"5350 Medpace Way, Cincinnati, OH 45227","5350 Medpace Way, Cincinnati, OH 45227","Cincinnati, OH",,Local,32,,iCloud Published Calendar (ICS),https://p147-caldav.icloud.com/published/2/MjAyOTg3MDYzMDYyMDI5OBf9ajX0FwLfmy7tt5VOuuB3qsUCkmTmEXtFYEkUfJhPbL01ZnaiaS-7j1aRwxpLpv3Uusg0k-ywiw3A3H9vbBk,https://www.facebook.com/ElementEatery/
Cars at Madison Square,2027-01-30,11:00 AM,2:00 PM,"5350 Medpace Way, Cincinnati, OH 45227","5350 Medpace Way, Cincinnati, OH 45227","Cincinnati, OH",,Local,32,,iCloud Published Calendar (ICS),https://p147-caldav.icloud.com/published/2/MjAyOTg3MDYzMDYyMDI5OBf9ajX0FwLfmy7tt5VOuuB3qsUCkmTmEXtFYEkUfJhPbL01ZnaiaS-7j1aRwxpLpv3Uusg0k-ywiw3A3H9vbBk,https://www.facebook.com/ElementEatery/
Cars at Madison Square,2027-02-06,11:00 AM,2:00 PM,"5350 Medpace Way, Cincinnati, OH 45227","5350 Medpace Way, Cincinnati, OH 45227","Cincinnati, OH",,Local,32,,iCloud Published Calendar (ICS),https://p147-caldav.icloud.com/published/2/MjAyOTg3MDYzMDYyMDI5OBf9ajX0FwLfmy7tt5VOuuB3qsUCkmTmEXtFYEkUfJhPbL01ZnaiaS-7j1aRwxpLpv3Uusg0k-ywiw3A3H9vbBk,https://www.facebook.com/ElementEatery/
Monthly Car & Bike Lunch Cruise In,2027-02-10,11:00 AM,1:00 PM,"1611 Polaris Pkwy, Columbus, OH 43085","1611 Polaris Pkwy, Columbus, OH 43085","Columbus, OH",,Small,12,,CarsAndCoffeeEvents API (OH/KY/IN); CarsAndCoffeeEvents API (OH/KY/IN/WV/TN),https://carsandcoffeeevents.com/events/monthly-car-bike-lunch-cruise-in-2027-02-10,https://www.facebook.com/groups/664728148123633/
Cars at Madison Square,2027-02-13,11:00 AM,2:00 PM,"5350 Medpace Way, Cincinnati, OH 45227","5350 Medpace Way, Cincinnati, OH 45227","Cincinnati, OH",,Local,32,,iCloud Published Calendar (ICS),https://p147-caldav.icloud.com/published/2/MjAyOTg3MDYzMDYyMDI5OBf9ajX0FwLfmy7tt5VOuuB3qsUCkmTmEXtFYEkUfJhPbL01ZnaiaS-7j1aRwxpLpv3Uusg0k-ywiw3A3H9vbBk,https://www.facebook.com/ElementEatery/
Cars at Madison Square,2027-02-20,11:00 AM,2:00 PM,"5350 Medpace Way, Cincinnati, OH 45227","5350 Medpace Way, Cincinnati, OH 45227","Cincinnati, OH",,Local,32,,iCloud Published Calendar (ICS),https://p147-caldav.icloud.com/published/2/MjAyOTg3MDYzMDYyMDI5OBf9ajX0FwLfmy7tt5VOuuB3qsUCkmTmEXtFYEkUfJhPbL01ZnaiaS-7j1aRwxpLpv3Uusg0k-ywiw3A3H9vbBk,https://www.facebook.com/ElementEatery/
Cars at Madison Square,2027-02-27,11:00 AM,2:00 PM,"5350 Medpace Way, Cincinnati, OH 45227","5350 Medpace Way, Cincinnati, OH 45227","Cincinnati, OH",,Local,32,,iCloud Published Calendar (ICS),https://p147-caldav.icloud.com/published/2/MjAyOTg3MDYzMDYyMDI5OBf9ajX0FwLfmy7tt5VOuuB3qsUCkmTmEXtFYEkUfJhPbL01ZnaiaS-7j1aRwxpLpv3Uusg0k-ywiw3A3H9vbBk,https://www.facebook.com/ElementEatery/
Cars at Madison Square,2027-03-06,11:00 AM,2:00 PM,"5350 Medpace Way, Cincinnati, OH 45227","5350 Medpace Way, Cincinnati, OH 45227","Cincinnati, OH",,Local,32,,iCloud Published Calendar (ICS),https://p147-caldav.icloud.com/published/2/MjAyOTg3MDYzMDYyMDI5OBf9ajX0FwLfmy7tt5VOuuB3qsUCkmTmEXtFYEkUfJhPbL01ZnaiaS-7j1aRwxpLpv3Uusg0k-ywiw3A3H9vbBk,https://www.facebook.com/ElementEatery/
Monthly Car & Bike Lunch Cruise In,2027-03-10,11:00 AM,1:00 PM,"1611 Polaris Pkwy, Columbus, OH 43085","1611 Polaris Pkwy, Columbus, OH 43085","Columbus, OH",,Small,12,,CarsAndCoffeeEvents API (OH/KY/IN); CarsAndCoffeeEvents API (OH/KY/IN/WV/TN),https://carsandcoffeeevents.com/events/monthly-car-bike-lunch-cruise-in-2027-03-10,https://www.facebook.com/groups/664728148123633/
Cars at Madison Square,2027-03-13,11:00 AM,2:00 PM,"5350 Medpace Way, Cincinnati, OH 45227","5350 Medpace Way, Cincinnati, OH 45227","Cincinnati, OH",,Local,32,,iCloud Published Calendar (ICS),https://p147-caldav.icloud.com/published/2/MjAyOTg3MDYzMDYyMDI5OBf9ajX0FwLfmy7tt5VOuuB3qsUCkmTmEXtFYEkUfJhPbL01ZnaiaS-7j1aRwxpLpv3Uusg0k-ywiw3A3H9vbBk,https://www.facebook.com/ElementEatery/
Cars at Madison Square,2027-03-20,11:00 AM,2:00 PM,"5350 Medpace Way, Cincinnati, OH 45227","5350 Medpace Way, Cincinnati, OH 45227","Cincinnati, OH",,Local,32,,iCloud Published Calendar (ICS),https://p147-caldav.icloud.com/published/2/MjAyOTg3MDYzMDYyMDI5OBf9ajX0FwLfmy7tt5VOuuB3qsUCkmTmEXtFYEkUfJhPbL01ZnaiaS-7j1aRwxpLpv3Uusg0k-ywiw3A3H9vbBk,https://www.facebook.com/ElementEatery/
Ohio Challenge RoadRally (SCCA),2027-03-27,9:00 AM,11:00 AM,"Columbus, OH","Columbus, OH","Columbus, OH",,Local,32,,sheet,https://www.scca.com/pages/road-rally,
Cars at Madison Square,2027-03-27,11:00 AM,2:00 PM,"5350 Medpace Way, Cincinnati, OH 45227","5350 Medpace Way, Cincinnati, OH 45227","Cincinnati, OH",,Local,32,,iCloud Published Calendar (ICS),https://p147-caldav.icloud.com/published/2/MjAyOTg3MDYzMDYyMDI5OBf9ajX0FwLfmy7tt5VOuuB3qsUCkmTmEXtFYEkUfJhPbL01ZnaiaS-7j1aRwxpLpv3Uusg0k-ywiw3A3H9vbBk,https://www.facebook.com/ElementEatery/
Ohio Challenge RoadRally (SCCA),2027-03-28,9:00 AM,11:00 AM,"Columbus, OH","Columbus, OH","Columbus, OH",,Local,32,,sheet,https://www.scca.com/pages/road-rally,
Cars at Madison Square,2027-04-03,11:00 AM,2:00 PM,"5350 Medpace Way, Cincinnati, OH 45227","5350 Medpace Way, Cincinnati, OH 45227","Cincinnati, OH",,Local,32,,iCloud Published Calendar (ICS),https://p147-caldav.icloud.com/published/2/MjAyOTg3MDYzMDYyMDI5OBf9ajX0FwLfmy7tt5VOuuB3qsUCkmTmEXtFYEkUfJhPbL01ZnaiaS-7j1aRwxpLpv3Uusg0k-ywiw3A3H9vbBk,https://www.facebook.com/ElementEatery/
Cars at Madison Square,2027-04-10,11:00 AM,2:00 PM,"5350 Medpace Way, Cincinnati, OH 45227","5350 Medpace Way, Cincinnati, OH 45227","Cincinnati, OH",,Local,32,,iCloud Published Calendar (ICS),https://p147-caldav.icloud.com/published/2/MjAyOTg3MDYzMDYyMDI5OBf9ajX0FwLfmy7tt5VOuuB3qsUCkmTmEXtFYEkUfJhPbL01ZnaiaS-7j1aRwxpLpv3Uusg0k-ywiw3A3H9vbBk,https://www.facebook.com/ElementEatery/
Monthly Car & Bike Lunch Cruise In,2027-04-14,11:00 AM,1:00 PM,"1611 Polaris Pkwy, Columbus, OH 43085","1611 Polaris Pkwy, Columbus, OH 43085","Columbus, OH",,Small,12,,CarsAndCoffeeEvents API (OH/KY/IN); CarsAndCoffeeEvents API (OH/KY/IN/WV/TN),https://carsandcoffeeevents.com/events/monthly-car-bike-lunch-cruise-in-2027-04-14,https://www.facebook.com/groups/664728148123633/
KYANA Swap Meet,2027-04-17,8:00 AM,4:00 PM,"937 Phillips Ln., Louisville, KY 40209","937 Phillips Ln., Louisville, KY 40209","Louisville, KY",,Local,32,,Google Events - Louisville,https://www.kyanaswapmeet.com/,
Hoosier Rally (SCCA),2027-04-17,9:00 AM,11:00 AM,"Indianapolis, IN","Indianapolis, IN","Indianapolis, IN",,Local,32,,sheet,https://www.scca.com/pages/road-rally,
Cars at Madison Square,2027-04-17,11:00 AM,2:00 PM,"5350 Medpace Way, Cincinnati, OH 45227","5350 Medpace Way, Cincinnati, OH 45227","Cincinnati, OH",,Local,32,,iCloud Published Calendar (ICS),https://p147-caldav.icloud.com/published/2/MjAyOTg3MDYzMDYyMDI5OBf9ajX0FwLfmy7tt5VOuuB3qsUCkmTmEXtFYEkUfJhPbL01ZnaiaS-7j1aRwxpLpv3Uusg0k-ywiw3A3H9vbBk,https://www.facebook.com/ElementEatery/
Hoosier Rally (SCCA),2027-04-18,9:00 AM,11:00 AM,"Indianapolis, IN","Indianapolis, IN","Indianapolis, IN",,Local,32,,sheet,https://www.scca.com/pages/road-rally,
Cars at Madison Square,2027-04-24,11:00 AM,2:00 PM,"5350 Medpace Way, Cincinnati, OH 45227","5350 Medpace Way, Cincinnati, OH 45227","Cincinnati, OH",,Local,32,,iCloud Published Calendar (ICS),https://p147-caldav.icloud.com/published/2/MjAyOTg3MDYzMDYyMDI5OBf9ajX0FwLfmy7tt5VOuuB3qsUCkmTmEXtFYEkUfJhPbL01ZnaiaS-7j1aRwxpLpv3Uusg0k-ywiw3A3H9vbBk,https://www.facebook.com/ElementEatery/
Buckeye RoadRally (SCCA),2027-05-01,9:00 AM,11:00 AM,"Dayton, OH","Dayton, OH","Dayton, OH",,Local,32,,sheet,https://www.scca.com/pages/road-rally,
Cars at Madison Square,2027-05-01,11:00 AM,2:00 PM,"5350 Medpace Way, Cincinnati, OH 45227","5350 Medpace Way, Cincinnati, OH 45227","Cincinnati, OH",,Local,32,,iCloud Published Calendar (ICS),https://p147-caldav.icloud.com/published/2/MjAyOTg3MDYzMDYyMDI5OBf9ajX0FwLfmy7tt5VOuuB3qsUCkmTmEXtFYEkUfJhPbL01ZnaiaS-7j1aRwxpLpv3Uusg0k-ywiw3A3H9vbBk,https://www.facebook.com/ElementEatery/
Buckeye RoadRally (SCCA),2027-05-02,9:00 AM,11:00 AM,"Dayton, OH","Dayton, OH","Dayton, OH",,Local,32,,sheet,https://www.scca.com/pages/road-rally,
Corsa America Spring Rally – Day 1,2027-05-04,9:00 AM,11:00 AM,"Smoky Mountains, TN","Smoky Mountains, TN","Knoxville, TN",,Local,32,,sheet,https://corsarally.com/,
Corsa America Spring Rally – Day 2,2027-05-05,9:00 AM,11:00 AM,"Asheville, NC","Asheville, NC","Knoxville, TN",,Local,32,,sheet,https://corsarally.com/,
Corsa America Spring Rally – Day 1,2027-05-05,9:00 AM,11:00 AM,"Smoky Mountains, TN","Smoky Mountains, TN","Knoxville, TN",,Local,32,,sheet,https://corsarally.com/,
Corsa America Spring Rally – Day 3,2027-05-06,9:00 AM,11:00 AM,"Blue Ridge, GA","Blue Ridge, GA","Knoxville, TN",,Local,32,,sheet,https://corsarally.com/,
Corsa America Spring Rally – Day 2,2027-05-06,9:00 AM,11:00 AM,"Asheville, NC","Asheville, NC","Knoxville, TN",,Local,32,,sheet,https://corsarally.com/,
Corsa America Spring Rally – Day 3,2027-05-07,9:00 AM,11:00 AM,"Blue Ridge, GA","Blue Ridge, GA","Knoxville, TN",,Local,32,,sheet,https://corsarally.com/,
Cars at Madison Square,2027-05-08,11:00 AM,2:00 PM,"5350 Medpace Way, Cincinnati, OH 45227","5350 Medpace Way, Cincinnati, OH 45227","Cincinnati, OH",,Local,32,,iCloud Published Calendar (ICS),https://p147-caldav.icloud.com/published/2/MjAyOTg3MDYzMDYyMDI5OBf9ajX0FwLfmy7tt5VOuuB3qsUCkmTmEXtFYEkUfJhPbL01ZnaiaS-7j1aRwxpLpv3Uusg0k-ywiw3A3H9vbBk,https://www.facebook.com/ElementEatery/
Monthly Car & Bike Lunch Cruise In,2027-05-12,11:00 AM,1:00 PM,"1611 Polaris Pkwy, Columbus, OH 43085","1611 Polaris Pkwy, Columbus, OH 43085","Columbus, OH",,Small,12,,CarsAndCoffeeEvents API (OH/KY/IN); CarsAndCoffeeEvents API (OH/KY/IN/WV/TN),https://carsandcoffeeevents.com/events/monthly-car-bike-lunch-cruise-in-2027-05-12,https://www.facebook.com/groups/664728148123633/
Mid-Ohio RoadRally (SCCA),2027-05-15,9:00 AM,11:00 AM,"Lexington, OH","Lexington, OH","Columbus, OH",,Local,32,,sheet,https://www.scca.com/pages/road-rally,
Cars at Madison Square,2027-05-15,11:00 AM,2:00 PM,"5350 Medpace Way, Cincinnati, OH 45227","5350 Medpace Way, Cincinnati, OH 45227","Cincinnati, OH",,Local,32,,iCloud Published Calendar (ICS),https://p147-caldav.icloud.com/published/2/MjAyOTg3MDYzMDYyMDI5OBf9ajX0FwLfmy7tt5VOuuB3qsUCkmTmEXtFYEkUfJhPbL01ZnaiaS-7j1aRwxpLpv3Uusg0k-ywiw3A3H9vbBk,https://www.facebook.com/ElementEatery/
Mid-Ohio RoadRally (SCCA),2027-05-16,9:00 AM,11:00 AM,"Lexington, OH","Lexington, OH","Columbus, OH",,Local,32,,sheet,https://www.scca.com/pages/road-rally,
Cars at Madison Square,2027-05-22,11:00 AM,2:00 PM,"5350 Medpace Way, Cincinnati, OH 45227","5350 Medpace Way, Cincinnati, OH 45227","Cincinnati, OH",,Local,32,,iCloud Published Calendar (ICS),https://p147-caldav.icloud.com/published/2/MjAyOTg3MDYzMDYyMDI5OBf9ajX0FwLfmy7tt5VOuuB3qsUCkmTmEXtFYEkUfJhPbL01ZnaiaS-7j1aRwxpLpv3Uusg0k-ywiw3A3H9vbBk,https://www.facebook.com/ElementEatery/
Cars at Madison Square,2027-05-29,11:00 AM,2:00 PM,"5350 Medpace Way, Cincinnati, OH 45227","5350 Medpace Way, Cincinnati, OH 45227","Cincinnati, OH",,Local,32,,iCloud Published Calendar (ICS),https://p147-caldav.icloud.com/published/2/MjAyOTg3MDYzMDYyMDI5OBf9ajX0FwLfmy7tt5VOuuB3qsUCkmTmEXtFYEkUfJhPbL01ZnaiaS-7j1aRwxpLpv3Uusg0k-ywiw3A3H9vbBk,https://www.facebook.com/ElementEatery/
RallyCross – Edgewater,2027-06-05,9:00 AM,11:00 AM,"4819 E Miami River Rd, Cleves, OH 45002","4819 E Miami River Rd, Cleves, OH 45002","Cincinnati, OH",,Local,32,,sheet,https://cincyscca.com/rally-cross/,
Cars at Madison Square,2027-06-05,11:00 AM,2:00 PM,"5350 Medpace Way, Cincinnati, OH 45227","5350 Medpace Way, Cincinnati, OH 45227","Cincinnati, OH",,Local,32,,iCloud Published Calendar (ICS),https://p147-caldav.icloud.com/published/2/MjAyOTg3MDYzMDYyMDI5OBf9ajX0FwLfmy7tt5VOuuB3qsUCkmTmEXtFYEkUfJhPbL01ZnaiaS-7j1aRwxpLpv3Uusg0k-ywiw3A3H9vbBk,https://www.facebook.com/ElementEatery/
RallyCross – Edgewater,2027-06-06,9:00 AM,11:00 AM,"4819 E Miami River Rd, Cleves, OH 45002","4819 E Miami River Rd, Cleves, OH 45002","Cincinnati, OH",,Local,32,,sheet,https://cincyscca.com/rally-cross/,
Monthly Car & Bike Lunch Cruise In,2027-06-09,11:00 AM,1:00 PM,"1611 Polaris Pkwy, Columbus, OH 43085","1611 Polaris Pkwy, Columbus, OH 43085","Columbus, OH",,Small,12,,CarsAndCoffeeEvents API (OH/KY/IN); CarsAndCoffeeEvents API (OH/KY/IN/WV/TN),https://carsandcoffeeevents.com/events/monthly-car-bike-lunch-cruise-in-2027-06-09,https://www.facebook.com/groups/664728148123633/
Southern Ohio Forest Rally – Day 1,2027-06-10,9:00 AM,11:00 AM,"Chillicothe, OH","Chillicothe, OH","Columbus, OH",,Local,32,,sheet,https://www.americanrallyassociation.org/sofr,
Southern Ohio Forest Rally – Day 2,2027-06-11,9:00 AM,11:00 AM,"Chillicothe, OH","Chillicothe, OH","Columbus, OH",,Local,32,,sheet,https://www.americanrallyassociation.org/sofr,
Southern Ohio Forest Rally – Day 1,2027-06-11,9:00 AM,11:00 AM,"Chillicothe, OH","Chillicothe, OH","Columbus, OH",,Local,32,,sheet,https://www.americanrallyassociation.org/sofr,
Southern Ohio Forest Rally – Day 3,2027-06-12,9:00 AM,11:00 AM,"Chillicothe, OH","Chillicothe, OH","Columbus, OH",,Local,32,,sheet,https://www.americanrallyassociation.org/sofr,
Southern Ohio Forest Rally – Day 2,2027-06-12,9:00 AM,11:00 AM,"Chillicothe, OH","Chillicothe, OH","Columbus, OH",,Local,32,,sheet,https://www.americanrallyassociation.org/sofr,
Cars at Madison Square,2027-06-12,11:00 AM,2:00 PM,"5350 Medpace Way, Cincinnati, OH 45227","5350 Medpace Way, Cincinnati, OH 45227","Cincinnati, OH",,Local,32,,iCloud Published Calendar (ICS),https://p147-caldav.icloud.com/published/2/MjAyOTg3MDYzMDYyMDI5OBf9ajX0FwLfmy7tt5VOuuB3qsUCkmTmEXtFYEkUfJhPbL01ZnaiaS-7j1aRwxpLpv3Uusg0k-ywiw3A3H9vbBk,https://www.facebook.com/ElementEatery/
Southern Ohio Forest Rally – Day 3,2027-06-13,9:00 AM,11:00 AM,"Chillicothe, OH","Chillicothe, OH","Columbus, OH",,Local,32,,sheet,https://www.americanrallyassociation.org/sofr,
Dynasty Rally 2026 – Day 2,2027-06-18,9:00 AM,11:00 AM,"Louisville, KY","Louisville, KY","Louisville, KY",,Local,32,,sheet,Same as above,
Dynasty Rally 2026 – Day 3,2027-06-19,9:00 AM,11:00 AM,"Cincinnati, OH","Cincinnati, OH","Cincinnati, OH",,Local,32,,sheet,Same as above,
Dynasty Rally 2026 – Day 2,2027-06-19,9:00 AM,11:00 AM,Southern Ohio / KY Backroads,"Louisville, KY","Louisville, KY",,Local,32,,sheet,Same as above,
Cars at Madison Square,2027-06-19,11:00 AM,2:00 PM,"5350 Medpace Way, Cincinnati, OH 45227","5350 Medpace Way, Cincinnati, OH 45227","Cincinnati, OH",,Local,32,,iCloud Published Calendar (ICS),https://p147-caldav.icloud.com/published/2/MjAyOTg3MDYzMDYyMDI5OBf9ajX0FwLfmy7tt5VOuuB3qsUCkmTmEXtFYEkUfJhPbL01ZnaiaS-7j1aRwxpLpv3Uusg0k-ywiw3A3H9vbBk,https://www.facebook.com/ElementEatery/
Dynasty Rally 2026 – Day 3,2027-06-20,9:00 AM,11:00 AM,Tennessee / Appalachia Region,"Cincinnati, OH","Cincinnati, OH",,Local,32,,sheet,Same as above,
Cars at Madison Square,2027-06-26,11:00 AM,2:00 PM,"5350 Medpace Way, Cincinnati, OH 45227","5350 Medpace Way, Cincinnati, OH 45227","Cincinnati, OH",,Local,32,,iCloud Published Calendar (ICS),https://p147-caldav.icloud.com/published/2/MjAyOTg3MDYzMDYyMDI5OBf9ajX0FwLfmy7tt5VOuuB3qsUCkmTmEXtFYEkUfJhPbL01ZnaiaS-7j1aRwxpLpv3Uusg0k-ywiw3A3H9vbBk,https://www.facebook.com/ElementEatery/
Cars at Madison Square,2027-07-03,11:00 AM,2:00 PM,"5350 Medpace Way, Cincinnati, OH 45227","5350 Medpace Way, Cincinnati, OH 45227","Cincinnati, OH",,Local,32,,iCloud Published Calendar (ICS),https://p147-caldav.icloud.com/published/2/MjAyOTg3MDYzMDYyMDI5OBf9ajX0FwLfmy7tt5VOuuB3qsUCkmTmEXtFYEkUfJhPbL01ZnaiaS-7j1aRwxpLpv3Uusg0k-ywiw3A3H9vbBk,https://www.facebook.com/ElementEatery/
King of the Roads Rally,2027-07-04,9:00 AM,11:00 AM,"Louisville, KY","Louisville, KY","Louisville, KY",,Local,32,,sheet,https://kingoftheroads.events/,
Cars at Madison Square,2027-07-10,11:00 AM,2:00 PM,"5350 Medpace Way, Cincinnati, OH 45227","5350 Medpace Way, Cincinnati, OH 45227","Cincinnati, OH",,Local,32,,iCloud Published Calendar (ICS),https://p147-caldav.icloud.com/published/2/MjAyOTg3MDYzMDYyMDI5OBf9ajX0FwLfmy7tt5VOuuB3qsUCkmTmEXtFYEkUfJhPbL01ZnaiaS-7j1aRwxpLpv3Uusg0k-ywiw3A3H9vbBk,https://www.facebook.com/ElementEatery/
Rally North America – Ohio Valley 1200 – Day 1,2027-07-12,9:00 AM,11:00 AM,"Lake Snowden Road, Lee Township, OH 45710","Lake Snowden Road, Lee Township, OH 45710","Columbus, OH",,Local,32,,sheet,https://rallynorthamerica.com/rally-events/,
Rally North America – Day 2,2027-07-13,9:00 AM,11:00 AM,"Marquette, MI","Marquette, MI","Chicago, IL",,Local,32,,sheet,Same as above,
Rally North America – Day 3,2027-07-14,9:00 AM,11:00 AM,"Traverse City, MI","Traverse City, MI","Detroit, MI",,Local,32,,sheet,Same as above,
Monthly Car & Bike Lunch Cruise In,2027-07-14,11:00 AM,1:00 PM,"1611 Polaris Pkwy, Columbus, OH 43085","1611 Polaris Pkwy, Columbus, OH 43085","Columbus, OH",,Small,12,,CarsAndCoffeeEvents API (OH/KY/IN); CarsAndCoffeeEvents API (OH/KY/IN/WV/TN),https://carsandcoffeeevents.com/events/monthly-car-bike-lunch-cruise-in-2027-07-14,https://www.facebook.com/groups/664728148123633/
Rally North America – Day 4,2027-07-15,9:00 AM,11:00 AM,"Frankenmuth, MI","Frankenmuth, MI","Detroit, MI",,Local,32,,sheet,Same as above,
Cars at Madison Square,2027-07-17,11:00 AM,2:00 PM,"5350 Medpace Way, Cincinnati, OH 45227","5350 Medpace Way, Cincinnati, OH 45227","Cincinnati, OH",,Local,32,,iCloud Published Calendar (ICS),https://p147-caldav.icloud.com/published/2/MjAyOTg3MDYzMDYyMDI5OBf9ajX0FwLfmy7tt5VOuuB3qsUCkmTmEXtFYEkUfJhPbL01ZnaiaS-7j1aRwxpLpv3Uusg0k-ywiw3A3H9vbBk,https://www.facebook.com/ElementEatery/
Cars at Madison Square,2027-07-24,11:00 AM,2:00 PM,"5350 Medpace Way, Cincinnati, OH 45227","5350 Medpace Way, Cincinnati, OH 45227","Cincinnati, OH",,Local,32,,iCloud Published Calendar (ICS),https://p147-caldav.icloud.com/published/2/MjAyOTg3MDYzMDYyMDI5OBf9ajX0FwLfmy7tt5VOuuB3qsUCkmTmEXtFYEkUfJhPbL01ZnaiaS-7j1aRwxpLpv3Uusg0k-ywiw3A3H9vbBk,https://www.facebook.com/ElementEatery/
Cincy Car Cruise Rally,2027-07-25,9:00 AM,11:00 AM,"Cincinnati, OH","Cincinnati, OH","Cincinnati, OH",,Local,32,,sheet,—,
Recharge Rally – Day 1,2027-07-30,9:00 AM,11:00 AM,"boat launch, Cincinnati, OH 45228","boat launch, Cincinnati, OH 45228","Cincinnati, OH",,Local,32,,sheet,https://www.therechargerally.com/,
Recharge Rally – Day 2,2027-07-31,9:00 AM,11:00 AM,"Chattanooga, TN","Chattanooga, TN","Knoxville, TN",,Local,32,,sheet,Same as above,
Cars at Madison Square,2027-07-31,11:00 AM,2:00 PM,"5350 Medpace Way, Cincinnati, OH 45227","5350 Medpace Way, Cincinnati, OH 45227","Cincinnati, OH",,Local,32,,iCloud Published Calendar (ICS),https://p147-caldav.icloud.com/published/2/MjAyOTg3MDYzMDYyMDI5OBf9ajX0FwLfmy7tt5VOuuB3qsUCkmTmEXtFYEkUfJhPbL01ZnaiaS-7j1aRwxpLpv3Uusg0k-ywiw3A3H9vbBk,https://www.facebook.com/ElementEatery/
Recharge Rally – Day 3,2027-08-01,9:00 AM,11:00 AM,"Greenville, SC","Greenville, SC","Knoxville, TN",,Local,32,,sheet,Same as above,
Recharge Rally – Day 4,2027-08-02,9:00 AM,11:00 AM,"Charlotte, NC","Charlotte, NC","Knoxville, TN",,Local,32,,sheet,Same as above,
Cars at Madison Square,2027-08-07,11:00 AM,2:00 PM,"5350 Medpace Way, Cincinnati, OH 45227","5350 Medpace Way, Cincinnati, OH 45227","Cincinnati, OH",,Local,32,,iCloud Published Calendar (ICS),https://p147-caldav.icloud.com/published/2/MjAyOTg3MDYzMDYyMDI5OBf9ajX0FwLfmy7tt5VOuuB3qsUCkmTmEXtFYEkUfJhPbL01ZnaiaS-7j1aRwxpLpv3Uusg0k-ywiw3A3H9vbBk,https://www.facebook.com/ElementEatery/
RallyCross – Edgewater,2027-08-08,9:00 AM,11:00 AM,"4819 E Miami River Rd, Cleves, OH 45002","4819 E Miami River Rd, Cleves, OH 45002","Cincinnati, OH",,Local,32,,sheet,https://cincyscca.com/rally-cross/,
Cars at Madison Square,2027-08-14,11:00 AM,2:00 PM,"5350 Medpace Way, Cincinnati, OH 45227","5350 Medpace Way, Cincinnati, OH 45227","Cincinnati, OH",,Local,32,,iCloud Published Calendar (ICS),https://p147-caldav.icloud.com/published/2/MjAyOTg3MDYzMDYyMDI5OBf9ajX0FwLfmy7tt5VOuuB3qsUCkmTmEXtFYEkUfJhPbL01ZnaiaS-7j1aRwxpLpv3Uusg0k-ywiw3A3H9vbBk,https://www.facebook.com/ElementEatery/
Cars at Madison Square,2027-08-21,11:00 AM,2:00 PM,"5350 Medpace Way, Cincinnati, OH 45227","5350 Medpace Way, Cincinnati, OH 45227","Cincinnati, OH",,Local,32,,iCloud Published Calendar (ICS),https://p147-caldav.icloud.com/published/2/MjAyOTg3MDYzMDYyMDI5OBf9ajX0FwLfmy7tt5VOuuB3qsUCkmTmEXtFYEkUfJhPbL01ZnaiaS-7j1aRwxpLpv3Uusg0k-ywiw3A3H9vbBk,https://www.facebook.com/ElementEatery/
Cars at Madison Square,2027-08-28,11:00 AM,2:00 PM,"5350 Medpace Way, Cincinnati, OH 45227","5350 Medpace Way, Cincinnati, OH 45227","Cincinnati, OH",,Local,32,,iCloud Published Calendar (ICS),https://p147-caldav.icloud.com/published/2/MjAyOTg3MDYzMDYyMDI5OBf9ajX0FwLfmy7tt5VOuuB3qsUCkmTmEXtFYEkUfJhPbL01ZnaiaS-7j1aRwxpLpv3Uusg0k-ywiw3A3H9vbBk,https://www.facebook.com/ElementEatery/
Cars at Madison Square,2027-09-04,11:00 AM,2:00 PM,"5350 Medpace Way, Cincinnati, OH 45227","5350 Medpace Way, Cincinnati, OH 45227","Cincinnati, OH",,Local,32,,iCloud Published Calendar (ICS),https://p147-caldav.icloud.com/published/2/MjAyOTg3MDYzMDYyMDI5OBf9ajX0FwLfmy7tt5VOuuB3qsUCkmTmEXtFYEkUfJhPbL01ZnaiaS-7j1aRwxpLpv3Uusg0k-ywiw3A3H9vbBk,https://www.facebook.com/ElementEatery/
Cars at Madison Square,2027-09-11,11:00 AM,2:00 PM,"5350 Medpace Way, Cincinnati, OH 45227","5350 Medpace Way, Cincinnati, OH 45227","Cincinnati, OH",,Local,32,,iCloud Published Calendar (ICS),https://p147-caldav.icloud.com/published/2/MjAyOTg3MDYzMDYyMDI5OBf9ajX0FwLfmy7tt5VOuuB3qsUCkmTmEXtFYEkUfJhPbL01ZnaiaS-7j1aRwxpLpv3Uusg0k-ywiw3A3H9vbBk,https://www.facebook.com/ElementEatery/
Cars at Madison Square,2027-09-18,11:00 AM,2:00 PM,"5350 Medpace Way, Cincinnati, OH 45227","5350 Medpace Way, Cincinnati, OH 45227","Cincinnati, OH",,Local,32,,iCloud Published Calendar (ICS),https://p147-caldav.icloud.com/published/2/MjAyOTg3MDYzMDYyMDI5OBf9ajX0FwLfmy7tt5VOuuB3qsUCkmTmEXtFYEkUfJhPbL01ZnaiaS-7j1aRwxpLpv3Uusg0k-ywiw3A3H9vbBk,https://www.facebook.com/ElementEatery/
Cars at Madison Square,2027-09-25,11:00 AM,2:00 PM,"5350 Medpace Way, Cincinnati, OH 45227","5350 Medpace Way, Cincinnati, OH 45227","Cincinnati, OH",,Local,32,,iCloud Published Calendar (ICS),https://p147-caldav.icloud.com/published/2/MjAyOTg3MDYzMDYyMDI5OBf9ajX0FwLfmy7tt5VOuuB3qsUCkmTmEXtFYEkUfJhPbL01ZnaiaS-7j1aRwxpLpv3Uusg0k-ywiw3A3H9vbBk,https://www.facebook.com/ElementEatery/
Cars at Madison Square,2027-10-02,11:00 AM,2:00 PM,"5350 Medpace Way, Cincinnati, OH 45227","5350 Medpace Way, Cincinnati, OH 45227","Cincinnati, OH",,Local,32,,iCloud Published Calendar (ICS),https://p147-caldav.icloud.com/published/2/MjAyOTg3MDYzMDYyMDI5OBf9ajX0FwLfmy7tt5VOuuB3qsUCkmTmEXtFYEkUfJhPbL01ZnaiaS-7j1aRwxpLpv3Uusg0k-ywiw3A3H9vbBk,https://www.facebook.com/ElementEatery/
Cars at Madison Square,2027-10-09,11:00 AM,2:00 PM,"5350 Medpace Way, Cincinnati, OH 45227","5350 Medpace Way, Cincinnati, OH 45227","Cincinnati, OH",,Local,32,,iCloud Published Calendar (ICS),https://p147-caldav.icloud.com/published/2/MjAyOTg3MDYzMDYyMDI5OBf9ajX0FwLfmy7tt5VOuuB3qsUCkmTmEXtFYEkUfJhPbL01ZnaiaS-7j1aRwxpLpv3Uusg0k-ywiw3A3H9vbBk,https://www.facebook.com/ElementEatery/
Cars at Madison Square,2027-10-16,11:00 AM,2:00 PM,"5350 Medpace Way, Cincinnati, OH 45227","5350 Medpace Way, Cincinnati, OH 45227","Cincinnati, OH",,Local,32,,iCloud Published Calendar (ICS),https://p147-caldav.icloud.com/published/2/MjAyOTg3MDYzMDYyMDI5OBf9ajX0FwLfmy7tt5VOuuB3qsUCkmTmEXtFYEkUfJhPbL01ZnaiaS-7j1aRwxpLpv3Uusg0k-ywiw3A3H9vbBk,https://www.facebook.com/ElementEatery/
Cars at Madison Square,2027-10-23,11:00 AM,2:00 PM,"5350 Medpace Way, Cincinnati, OH 45227","5350 Medpace Way, Cincinnati, OH 45227","Cincinnati, OH",,Local,32,,iCloud Published Calendar (ICS),https://p147-caldav.icloud.com/published/2/MjAyOTg3MDYzMDYyMDI5OBf9ajX0FwLfmy7tt5VOuuB3qsUCkmTmEXtFYEkUfJhPbL01ZnaiaS-7j1aRwxpLpv3Uusg0k-ywiw3A3H9vbBk,https://www.facebook.com/ElementEatery/
Cars at Madison Square,2027-10-30,11:00 AM,2:00 PM,"5350 Medpace Way, Cincinnati, OH 45227","5350 Medpace Way, Cincinnati, OH 45227","Cincinnati, OH",,Local,32,,iCloud Published Calendar (ICS),https://p147-caldav.icloud.com/published/2/MjAyOTg3MDYzMDYyMDI5OBf9ajX0FwLfmy7tt5VOuuB3qsUCkmTmEXtFYEkUfJhPbL01ZnaiaS-7j1aRwxpLpv3Uusg0k-ywiw3A3H9vbBk,https://www.facebook.com/ElementEatery/
Cars at Madison Square,2027-11-06,11:00 AM,2:00 PM,"5350 Medpace Way, Cincinnati, OH 45227","5350 Medpace Way, Cincinnati, OH 45227","Cincinnati, OH",,Local,32,,iCloud Published Calendar (ICS),https://p147-caldav.icloud.com/published/2/MjAyOTg3MDYzMDYyMDI5OBf9ajX0FwLfmy7tt5VOuuB3qsUCkmTmEXtFYEkUfJhPbL01ZnaiaS-7j1aRwxpLpv3Uusg0k-ywiw3A3H9vbBk,https://www.facebook.com/ElementEatery/
Cars at Madison Square,2027-11-13,11:00 AM,2:00 PM,"5350 Medpace Way, Cincinnati, OH 45227","5350 Medpace Way, Cincinnati, OH 45227","Cincinnati, OH",,Local,32,,iCloud Published Calendar (ICS),https://p147-caldav.icloud.com/published/2/MjAyOTg3MDYzMDYyMDI5OBf9ajX0FwLfmy7tt5VOuuB3qsUCkmTmEXtFYEkUfJhPbL01ZnaiaS-7j1aRwxpLpv3Uusg0k-ywiw3A3H9vbBk,https://www.facebook.com/ElementEatery/
Cars at Madison Square,2027-11-20,11:00 AM,2:00 PM,"5350 Medpace Way, Cincinnati, OH 45227","5350 Medpace Way, Cincinnati, OH 45227","Cincinnati, OH",,Local,32,,iCloud Published Calendar (ICS),https://p147-caldav.icloud.com/published/2/MjAyOTg3MDYzMDYyMDI5OBf9ajX0FwLfmy7tt5VOuuB3qsUCkmTmEXtFYEkUfJhPbL01ZnaiaS-7j1aRwxpLpv3Uusg0k-ywiw3A3H9vbBk,https://www.facebook.com/ElementEatery/
Cars at Madison Square,2027-11-27,11:00 AM,2:00 PM,"5350 Medpace Way, Cincinnati, OH 45227","5350 Medpace Way, Cincinnati, OH 45227","Cincinnati, OH",,Local,32,,iCloud Published Calendar (ICS),https://p147-caldav.icloud.com/published/2/MjAyOTg3MDYzMDYyMDI5OBf9ajX0FwLfmy7tt5VOuuB3qsUCkmTmEXtFYEkUfJhPbL01ZnaiaS-7j1aRwxpLpv3Uusg0k-ywiw3A3H9vbBk,https://www.facebook.com/ElementEatery/
Cars at Madison Square,2027-12-04,11:00 AM,2:00 PM,"5350 Medpace Way, Cincinnati, OH 45227","5350 Medpace Way, Cincinnati, OH 45227","Cincinnati, OH",,Local,32,,iCloud Published Calendar (ICS),https://p147-caldav.icloud.com/published/2/MjAyOTg3MDYzMDYyMDI5OBf9ajX0FwLfmy7tt5VOuuB3qsUCkmTmEXtFYEkUfJhPbL01ZnaiaS-7j1aRwxpLpv3Uusg0k-ywiw3A3H9vbBk,https://www.facebook.com/ElementEatery/
Cars at Madison Square,2027-12-11,11:00 AM,2:00 PM,"5350 Medpace Way, Cincinnati, OH 45227","5350 Medpace Way, Cincinnati, OH 45227","Cincinnati, OH",,Local,32,,iCloud Published Calendar (ICS),https://p147-caldav.icloud.com/published/2/MjAyOTg3MDYzMDYyMDI5OBf9ajX0FwLfmy7tt5VOuuB3qsUCkmTmEXtFYEkUfJhPbL01ZnaiaS-7j1aRwxpLpv3Uusg0k-ywiw3A3H9vbBk,https://www.facebook.com/ElementEatery/
Cars at Madison Square,2027-12-18,11:00 AM,2:00 PM,"5350 Medpace Way, Cincinnati, OH 45227","5350 Medpace Way, Cincinnati, OH 45227","Cincinnati, OH",,Local,32,,iCloud Published Calendar (ICS),https://p147-caldav.icloud.com/published/2/MjAyOTg3MDYzMDYyMDI5OBf9ajX0FwLfmy7tt5VOuuB3qsUCkmTmEXtFYEkUfJhPbL01ZnaiaS-7j1aRwxpLpv3Uusg0k-ywiw3A3H9vbBk,https://www.facebook.com/ElementEatery/
Cars at Madison Square,2027-12-25,11:00 AM,2:00 PM,"5350 Medpace Way, Cincinnati, OH 45227","5350 Medpace Way, Cincinnati, OH 45227","Cincinnati, OH",,Local,32,,iCloud Published Calendar (ICS),https://p147-caldav.icloud.com/published/2/MjAyOTg3MDYzMDYyMDI5OBf9ajX0FwLfmy7tt5VOuuB3qsUCkmTmEXtFYEkUfJhPbL01ZnaiaS-7j1aRwxpLpv3Uusg0k-ywiw3A3H9vbBk,https://www.facebook.com/ElementEatery/
Cars at Madison Square,2028-01-01,11:00 AM,2:00 PM,"5350 Medpace Way, Cincinnati, OH 45227","5350 Medpace Way, Cincinnati, OH 45227","Cincinnati, OH",,Local,32,,iCloud Published Calendar (ICS),https://p147-caldav.icloud.com/published/2/MjAyOTg3MDYzMDYyMDI5OBf9ajX0FwLfmy7tt5VOuuB3qsUCkmTmEXtFYEkUfJhPbL01ZnaiaS-7j1aRwxpLpv3Uusg0k-ywiw3A3H9vbBk,https://www.facebook.com/ElementEatery/
Cars at Madison Square,2028-01-08,11:00 AM,2:00 PM,"5350 Medpace Way, Cincinnati, OH 45227","5350 Medpace Way, Cincinnati, OH 45227","Cincinnati, OH",,Local,32,,iCloud Published Calendar (ICS),https://p147-caldav.icloud.com/published/2/MjAyOTg3MDYzMDYyMDI5OBf9ajX0FwLfmy7tt5VOuuB3qsUCkmTmEXtFYEkUfJhPbL01ZnaiaS-7j1aRwxpLpv3Uusg0k-ywiw3A3H9vbBk,https://www.facebook.com/ElementEatery/
Cars at Madison Square,2028-01-15,11:00 AM,2:00 PM,"5350 Medpace Way, Cincinnati, OH 45227","5350 Medpace Way, Cincinnati, OH 45227","Cincinnati, OH",,Local,32,,iCloud Published Calendar (ICS),https://p147-caldav.icloud.com/published/2/MjAyOTg3MDYzMDYyMDI5OBf9ajX0FwLfmy7tt5VOuuB3qsUCkmTmEXtFYEkUfJhPbL01ZnaiaS-7j1aRwxpLpv3Uusg0k-ywiw3A3H9vbBk,https://www.facebook.com/ElementEatery/
Cars at Madison Square,2028-01-22,11:00 AM,2:00 PM,"5350 Medpace Way, Cincinnati, OH 45227","5350 Medpace Way, Cincinnati, OH 45227","Cincinnati, OH",,Local,32,,iCloud Published Calendar (ICS),https://p147-caldav.icloud.com/published/2/MjAyOTg3MDYzMDYyMDI5OBf9ajX0FwLfmy7tt5VOuuB3qsUCkmTmEXtFYEkUfJhPbL01ZnaiaS-7j1aRwxpLpv3Uusg0k-ywiw3A3H9vbBk,https://www.facebook.com/ElementEatery/
Cars at Madison Square,2028-01-29,11:00 AM,2:00 PM,"5350 Medpace Way, Cincinnati, OH 45227","5350 Medpace Way, Cincinnati, OH 45227","Cincinnati, OH",,Local,32,,iCloud Published Calendar (ICS),https://p147-caldav.icloud.com/published/2/MjAyOTg3MDYzMDYyMDI5OBf9ajX0FwLfmy7tt5VOuuB3qsUCkmTmEXtFYEkUfJhPbL01ZnaiaS-7j1aRwxpLpv3Uusg0k-ywiw3A3H9vbBk,https://www.facebook.com/ElementEatery/
Cars at Madison Square,2028-02-05,11:00 AM,2:00 PM,"5350 Medpace Way, Cincinnati, OH 45227","5350 Medpace Way, Cincinnati, OH 45227","Cincinnati, OH",,Local,32,,iCloud Published Calendar (ICS),https://p147-caldav.icloud.com/published/2/MjAyOTg3MDYzMDYyMDI5OBf9ajX0FwLfmy7tt5VOuuB3qsUCkmTmEXtFYEkUfJhPbL01ZnaiaS-7j1aRwxpLpv3Uusg0k-ywiw3A3H9vbBk,https://www.facebook.com/ElementEatery/
Cars at Madison Square,2028-02-12,11:00 AM,2:00 PM,"5350 Medpace Way, Cincinnati, OH 45227","5350 Medpace Way, Cincinnati, OH 45227","Cincinnati, OH",,Local,32,,iCloud Published Calendar (ICS),https://p147-caldav.icloud.com/published/2/MjAyOTg3MDYzMDYyMDI5OBf9ajX0FwLfmy7tt5VOuuB3qsUCkmTmEXtFYEkUfJhPbL01ZnaiaS-7j1aRwxpLpv3Uusg0k-ywiw3A3H9vbBk,https://www.facebook.com/ElementEatery/
Cars at Madison Square,2028-02-19,11:00 AM,2:00 PM,"5350 Medpace Way, Cincinnati, OH 45227","5350 Medpace Way, Cincinnati, OH 45227","Cincinnati, OH",,Local,32,,iCloud Published Calendar (ICS),https://p147-caldav.icloud.com/published/2/MjAyOTg3MDYzMDYyMDI5OBf9ajX0FwLfmy7tt5VOuuB3qsUCkmTmEXtFYEkUfJhPbL01ZnaiaS-7j1aRwxpLpv3Uusg0k-ywiw3A3H9vbBk,https://www.facebook.com/ElementEatery/
Cars at Madison Square,2028-02-26,11:00 AM,2:00 PM,"5350 Medpace Way, Cincinnati, OH 45227","5350 Medpace Way, Cincinnati, OH 45227","Cincinnati, OH",,Local,32,,iCloud Published Calendar (ICS),https://p147-caldav.icloud.com/published/2/MjAyOTg3MDYzMDYyMDI5OBf9ajX0FwLfmy7tt5VOuuB3qsUCkmTmEXtFYEkUfJhPbL01ZnaiaS-7j1aRwxpLpv3Uusg0k-ywiw3A3H9vbBk,https://www.facebook.com/ElementEatery/
Cars at Madison Square,2028-03-04,11:00 AM,2:00 PM,"5350 Medpace Way, Cincinnati, OH 45227","5350 Medpace Way, Cincinnati, OH 45227","Cincinnati, OH",,Local,32,,iCloud Published Calendar (ICS),https://p147-caldav.icloud.com/published/2/MjAyOTg3MDYzMDYyMDI5OBf9ajX0FwLfmy7tt5VOuuB3qsUCkmTmEXtFYEkUfJhPbL01ZnaiaS-7j1aRwxpLpv3Uusg0k-ywiw3A3H9vbBk,https://www.facebook.com/ElementEatery/
Cars at Madison Square,2028-03-11,11:00 AM,2:00 PM,"5350 Medpace Way, Cincinnati, OH 45227","5350 Medpace Way, Cincinnati, OH 45227","Cincinnati, OH",,Local,32,,iCloud Published Calendar (ICS),https://p147-caldav.icloud.com/published/2/MjAyOTg3MDYzMDYyMDI5OBf9ajX0FwLfmy7tt5VOuuB3qsUCkmTmEXtFYEkUfJhPbL01ZnaiaS-7j1aRwxpLpv3Uusg0k-ywiw3A3H9vbBk,https://www.facebook.com/ElementEatery/
Cars at Madison Square,2028-03-18,11:00 AM,2:00 PM,"5350 Medpace Way, Cincinnati, OH 45227","5350 Medpace Way, Cincinnati, OH 45227","Cincinnati, OH",,Local,32,,iCloud Published Calendar (ICS),https://p147-caldav.icloud.com/published/2/MjAyOTg3MDYzMDYyMDI5OBf9ajX0FwLfmy7tt5VOuuB3qsUCkmTmEXtFYEkUfJhPbL01ZnaiaS-7j1aRwxpLpv3Uusg0k-ywiw3A3H9vbBk,https://www.facebook.com/ElementEatery/
Cars at Madison Square,2028-03-25,11:00 AM,2:00 PM,"5350 Medpace Way, Cincinnati, OH 45227","5350 Medpace Way, Cincinnati, OH 45227","Cincinnati, OH",,Local,32,,iCloud Published Calendar (ICS),https://p147-caldav.icloud.com/published/2/MjAyOTg3MDYzMDYyMDI5OBf9ajX0FwLfmy7tt5VOuuB3qsUCkmTmEXtFYEkUfJhPbL01ZnaiaS-7j1aRwxpLpv3Uusg0k-ywiw3A3H9vbBk,https://www.facebook.com/ElementEatery/
Cars at Madison Square,2028-04-01,11:00 AM,2:00 PM,"5350 Medpace Way, Cincinnati, OH 45227","5350 Medpace Way, Cincinnati, OH 45227","Cincinnati, OH",,Local,32,,iCloud Published Calendar (ICS),https://p147-caldav.icloud.com/published/2/MjAyOTg3MDYzMDYyMDI5OBf9ajX0FwLfmy7tt5VOuuB3qsUCkmTmEXtFYEkUfJhPbL01ZnaiaS-7j1aRwxpLpv3Uusg0k-ywiw3A3H9vbBk,https://www.facebook.com/ElementEatery/
Cars at Madison Square,2028-04-08,11:00 AM,2:00 PM,"5350 Medpace Way, Cincinnati, OH 45227","5350 Medpace Way, Cincinnati, OH 45227","Cincinnati, OH",,Local,32,,iCloud Published Calendar (ICS),https://p147-caldav.icloud.com/published/2/MjAyOTg3MDYzMDYyMDI5OBf9ajX0FwLfmy7tt5VOuuB3qsUCkmTmEXtFYEkUfJhPbL01ZnaiaS-7j1aRwxpLpv3Uusg0k-ywiw3A3H9vbBk,https://www.facebook.com/ElementEatery/
Cars at Madison Square,2028-04-15,11:00 AM,2:00 PM,"5350 Medpace Way, Cincinnati, OH 45227","5350 Medpace Way, Cincinnati, OH 45227","Cincinnati, OH",,Local,32,,iCloud Published Calendar (ICS),https://p147-caldav.icloud.com/published/2/MjAyOTg3MDYzMDYyMDI5OBf9ajX0FwLfmy7tt5VOuuB3qsUCkmTmEXtFYEkUfJhPbL01ZnaiaS-7j1aRwxpLpv3Uusg0k-ywiw3A3H9vbBk,https://www.facebook.com/ElementEatery/
Cars at Madison Square,2028-04-22,11:00 AM,2:00 PM,"5350 Medpace Way, Cincinnati, OH 45227","5350 Medpace Way, Cincinnati, OH 45227","Cincinnati, OH",,Local,32,,iCloud Published Calendar (ICS),https://p147-caldav.icloud.com/published/2/MjAyOTg3MDYzMDYyMDI5OBf9ajX0FwLfmy7tt5VOuuB3qsUCkmTmEXtFYEkUfJhPbL01ZnaiaS-7j1aRwxpLpv3Uusg0k-ywiw3A3H9vbBk,https://www.facebook.com/ElementEatery/
Cars at Madison Square,2028-04-29,11:00 AM,2:00 PM,"5350 Medpace Way, Cincinnati, OH 45227","5350 Medpace Way, Cincinnati, OH 45227","Cincinnati, OH",,Local,32,,iCloud Published Calendar (ICS),https://p147-caldav.icloud.com/published/2/MjAyOTg3MDYzMDYyMDI5OBf9ajX0FwLfmy7tt5VOuuB3qsUCkmTmEXtFYEkUfJhPbL01ZnaiaS-7j1aRwxpLpv3Uusg0k-ywiw3A3H9vbBk,https://www.facebook.com/ElementEatery/
Cars at Madison Square,2028-05-06,11:00 AM,2:00 PM,"5350 Medpace Way, Cincinnati, OH 45227","5350 Medpace Way, Cincinnati, OH 45227","Cincinnati, OH",,Local,32,,iCloud Published Calendar (ICS),https://p147-caldav.icloud.com/published/2/MjAyOTg3MDYzMDYyMDI5OBf9ajX0FwLfmy7tt5VOuuB3qsUCkmTmEXtFYEkUfJhPbL01ZnaiaS-7j1aRwxpLpv3Uusg0k-ywiw3A3H9vbBk,https://www.facebook.com/ElementEatery/
Cars at Madison Square,2028-05-13,11:00 AM,2:00 PM,"5350 Medpace Way, Cincinnati, OH 45227","5350 Medpace Way, Cincinnati, OH 45227","Cincinnati, OH",,Local,32,,iCloud Published Calendar (ICS),https://p147-caldav.icloud.com/published/2/MjAyOTg3MDYzMDYyMDI5OBf9ajX0FwLfmy7tt5VOuuB3qsUCkmTmEXtFYEkUfJhPbL01ZnaiaS-7j1aRwxpLpv3Uusg0k-ywiw3A3H9vbBk,https://www.facebook.com/ElementEatery/
Cars at Madison Square,2028-05-20,11:00 AM,2:00 PM,"5350 Medpace Way, Cincinnati, OH 45227","5350 Medpace Way, Cincinnati, OH 45227","Cincinnati, OH",,Local,32,,iCloud Published Calendar (ICS),https://p147-caldav.icloud.com/published/2/MjAyOTg3MDYzMDYyMDI5OBf9ajX0FwLfmy7tt5VOuuB3qsUCkmTmEXtFYEkUfJhPbL01ZnaiaS-7j1aRwxpLpv3Uusg0k-ywiw3A3H9vbBk,https://www.facebook.com/ElementEatery/
Cars at Madison Square,2028-05-27,11:00 AM,2:00 PM,"5350 Medpace Way, Cincinnati, OH 45227","5350 Medpace Way, Cincinnati, OH 45227","Cincinnati, OH",,Local,32,,iCloud Published Calendar (ICS),https://p147-caldav.icloud.com/published/2/MjAyOTg3MDYzMDYyMDI5OBf9ajX0FwLfmy7tt5VOuuB3qsUCkmTmEXtFYEkUfJhPbL01ZnaiaS-7j1aRwxpLpv3Uusg0k-ywiw3A3H9vbBk,https://www.facebook.com/ElementEatery/
Cars at Madison Square,2028-06-03,11:00 AM,2:00 PM,"5350 Medpace Way, Cincinnati, OH 45227","5350 Medpace Way, Cincinnati, OH 45227","Cincinnati, OH",,Local,32,,iCloud Published Calendar (ICS),https://p147-caldav.icloud.com/published/2/MjAyOTg3MDYzMDYyMDI5OBf9ajX0FwLfmy7tt5VOuuB3qsUCkmTmEXtFYEkUfJhPbL01ZnaiaS-7j1aRwxpLpv3Uusg0k-ywiw3A3H9vbBk,https://www.facebook.com/ElementEatery/
Cars at Madison Square,2028-06-10,11:00 AM,2:00 PM,"5350 Medpace Way, Cincinnati, OH 45227","5350 Medpace Way, Cincinnati, OH 45227","Cincinnati, OH",,Local,32,,iCloud Published Calendar (ICS),https://p147-caldav.icloud.com/published/2/MjAyOTg3MDYzMDYyMDI5OBf9ajX0FwLfmy7tt5VOuuB3qsUCkmTmEXtFYEkUfJhPbL01ZnaiaS-7j1aRwxpLpv3Uusg0k-ywiw3A3H9vbBk,https://www.facebook.com/ElementEatery/
Cars at Madison Square,2028-06-17,11:00 AM,2:00 PM,"5350 Medpace Way, Cincinnati, OH 45227","5350 Medpace Way, Cincinnati, OH 45227","Cincinnati, OH",,Local,32,,iCloud Published Calendar (ICS),https://p147-caldav.icloud.com/published/2/MjAyOTg3MDYzMDYyMDI5OBf9ajX0FwLfmy7tt5VOuuB3qsUCkmTmEXtFYEkUfJhPbL01ZnaiaS-7j1aRwxpLpv3Uusg0k-ywiw3A3H9vbBk,https://www.facebook.com/ElementEatery/
Cars at Madison Square,2028-06-24,11:00 AM,2:00 PM,"5350 Medpace Way, Cincinnati, OH 45227","5350 Medpace Way, Cincinnati, OH 45227","Cincinnati, OH",,Local,32,,iCloud Published Calendar (ICS),https://p147-caldav.icloud.com/published/2/MjAyOTg3MDYzMDYyMDI5OBf9ajX0FwLfmy7tt5VOuuB3qsUCkmTmEXtFYEkUfJhPbL01ZnaiaS-7j1aRwxpLpv3Uusg0k-ywiw3A3H9vbBk,https://www.facebook.com/ElementEatery/
Cars at Madison Square,2028-07-01,11:00 AM,2:00 PM,"5350 Medpace Way, Cincinnati, OH 45227","5350 Medpace Way, Cincinnati, OH 45227","Cincinnati, OH",,Local,32,,iCloud Published Calendar (ICS),https://p147-caldav.icloud.com/published/2/MjAyOTg3MDYzMDYyMDI5OBf9ajX0FwLfmy7tt5VOuuB3qsUCkmTmEXtFYEkUfJhPbL01ZnaiaS-7j1aRwxpLpv3Uusg0k-ywiw3A3H9vbBk,https://www.facebook.com/ElementEatery/
Cars at Madison Square,2028-07-08,11:00 AM,2:00 PM,"5350 Medpace Way, Cincinnati, OH 45227","5350 Medpace Way, Cincinnati, OH 45227","Cincinnati, OH",,Local,32,,iCloud Published Calendar (ICS),https://p147-caldav.icloud.com/published/2/MjAyOTg3MDYzMDYyMDI5OBf9ajX0FwLfmy7tt5VOuuB3qsUCkmTmEXtFYEkUfJhPbL01ZnaiaS-7j1aRwxpLpv3Uusg0k-ywiw3A3H9vbBk,https://www.facebook.com/ElementEatery/
Cars at Madison Square,2028-07-15,11:00 AM,2:00 PM,"5350 Medpace Way, Cincinnati, OH 45227","5350 Medpace Way, Cincinnati, OH 45227","Cincinnati, OH",,Local,32,,iCloud Published Calendar (ICS),https://p147-caldav.icloud.com/published/2/MjAyOTg3MDYzMDYyMDI5OBf9ajX0FwLfmy7tt5VOuuB3qsUCkmTmEXtFYEkUfJhPbL01ZnaiaS-7j1aRwxpLpv3Uusg0k-ywiw3A3H9vbBk,https://www.facebook.com/ElementEatery/
Cars at Madison Square,2028-07-22,11:00 AM,2:00 PM,"5350 Medpace Way, Cincinnati, OH 45227","5350 Medpace Way, Cincinnati, OH 45227","Cincinnati, OH",,Local,32,,iCloud Published Calendar (ICS),https://p147-caldav.icloud.com/published/2/MjAyOTg3MDYzMDYyMDI5OBf9ajX0FwLfmy7tt5VOuuB3qsUCkmTmEXtFYEkUfJhPbL01ZnaiaS-7j1aRwxpLpv3Uusg0k-ywiw3A3H9vbBk,https://www.facebook.com/ElementEatery/
Cars at Madison Square,2028-07-29,11:00 AM,2:00 PM,"5350 Medpace Way, Cincinnati, OH 45227","5350 Medpace Way, Cincinnati, OH 45227","Cincinnati, OH",,Local,32,,iCloud Published Calendar (ICS),https://p147-caldav.icloud.com/published/2/MjAyOTg3MDYzMDYyMDI5OBf9ajX0FwLfmy7tt5VOuuB3qsUCkmTmEXtFYEkUfJhPbL01ZnaiaS-7j1aRwxpLpv3Uusg0k-ywiw3A3H9vbBk,https://www.facebook.com/ElementEatery/
Cars at Madison Square,2028-08-05,11:00 AM,2:00 PM,"5350 Medpace Way, Cincinnati, OH 45227","5350 Medpace Way, Cincinnati, OH 45227","Cincinnati, OH",,Local,32,,iCloud Published Calendar (ICS),https://p147-caldav.icloud.com/published/2/MjAyOTg3MDYzMDYyMDI5OBf9ajX0FwLfmy7tt5VOuuB3qsUCkmTmEXtFYEkUfJhPbL01ZnaiaS-7j1aRwxpLpv3Uusg0k-ywiw3A3H9vbBk,https://www.facebook.com/ElementEatery/
Cars at Madison Square,2028-08-12,11:00 AM,2:00 PM,"5350 Medpace Way, Cincinnati, OH 45227","5350 Medpace Way, Cincinnati, OH 45227","Cincinnati, OH",,Local,32,,iCloud Published Calendar (ICS),https://p147-caldav.icloud.com/published/2/MjAyOTg3MDYzMDYyMDI5OBf9ajX0FwLfmy7tt5VOuuB3qsUCkmTmEXtFYEkUfJhPbL01ZnaiaS-7j1aRwxpLpv3Uusg0k-ywiw3A3H9vbBk,https://www.facebook.com/ElementEatery/
Cars at Madison Square,2028-08-19,11:00 AM,2:00 PM,"5350 Medpace Way, Cincinnati, OH 45227","5350 Medpace Way, Cincinnati, OH 45227","Cincinnati, OH",,Local,32,,iCloud Published Calendar (ICS),https://p147-caldav.icloud.com/published/2/MjAyOTg3MDYzMDYyMDI5OBf9ajX0FwLfmy7tt5VOuuB3qsUCkmTmEXtFYEkUfJhPbL01ZnaiaS-7j1aRwxpLpv3Uusg0k-ywiw3A3H9vbBk,https://www.facebook.com/ElementEatery/
Cars at Madison Square,2028-08-26,11:00 AM,2:00 PM,"5350 Medpace Way, Cincinnati, OH 45227","5350 Medpace Way, Cincinnati, OH 45227","Cincinnati, OH",,Local,32,,iCloud Published Calendar (ICS),https://p147-caldav.icloud.com/published/2/MjAyOTg3MDYzMDYyMDI5OBf9ajX0FwLfmy7tt5VOuuB3qsUCkmTmEXtFYEkUfJhPbL01ZnaiaS-7j1aRwxpLpv3Uusg0k-ywiw3A3H9vbBk,https://www.facebook.com/ElementEatery/
Cars at Madison Square,2028-09-02,11:00 AM,2:00 PM,"5350 Medpace Way, Cincinnati, OH 45227","5350 Medpace Way, Cincinnati, OH 45227","Cincinnati, OH",,Local,32,,iCloud Published Calendar (ICS),https://p147-caldav.icloud.com/published/2/MjAyOTg3MDYzMDYyMDI5OBf9ajX0FwLfmy7tt5VOuuB3qsUCkmTmEXtFYEkUfJhPbL01ZnaiaS-7j1aRwxpLpv3Uusg0k-ywiw3A3H9vbBk,https://www.facebook.com/ElementEatery/
Cars at Madison Square,2028-09-09,11:00 AM,2:00 PM,"5350 Medpace Way, Cincinnati, OH 45227","5350 Medpace Way, Cincinnati, OH 45227","Cincinnati, OH",,Local,32,,iCloud Published Calendar (ICS),https://p147-caldav.icloud.com/published/2/MjAyOTg3MDYzMDYyMDI5OBf9ajX0FwLfmy7tt5VOuuB3qsUCkmTmEXtFYEkUfJhPbL01ZnaiaS-7j1aRwxpLpv3Uusg0k-ywiw3A3H9vbBk,https://www.facebook.com/ElementEatery/
Cars at Madison Square,2028-09-16,11:00 AM,2:00 PM,"5350 Medpace Way, Cincinnati, OH 45227","5350 Medpace Way, Cincinnati, OH 45227","Cincinnati, OH",,Local,32,,iCloud Published Calendar (ICS),https://p147-caldav.icloud.com/published/2/MjAyOTg3MDYzMDYyMDI5OBf9ajX0FwLfmy7tt5VOuuB3qsUCkmTmEXtFYEkUfJhPbL01ZnaiaS-7j1aRwxpLpv3Uusg0k-ywiw3A3H9vbBk,https://www.facebook.com/ElementEatery/
Cars at Madison Square,2028-09-23,11:00 AM,2:00 PM,"5350 Medpace Way, Cincinnati, OH 45227","5350 Medpace Way, Cincinnati, OH 45227","Cincinnati, OH",,Local,32,,iCloud Published Calendar (ICS),https://p147-caldav.icloud.com/published/2/MjAyOTg3MDYzMDYyMDI5OBf9ajX0FwLfmy7tt5VOuuB3qsUCkmTmEXtFYEkUfJhPbL01ZnaiaS-7j1aRwxpLpv3Uusg0k-ywiw3A3H9vbBk,https://www.facebook.com/ElementEatery/
Cars at Madison Square,2028-09-30,11:00 AM,2:00 PM,"5350 Medpace Way, Cincinnati, OH 45227","5350 Medpace Way, Cincinnati, OH 45227","Cincinnati, OH",,Local,32,,iCloud Published Calendar (ICS),https://p147-caldav.icloud.com/published/2/MjAyOTg3MDYzMDYyMDI5OBf9ajX0FwLfmy7tt5VOuuB3qsUCkmTmEXtFYEkUfJhPbL01ZnaiaS-7j1aRwxpLpv3Uusg0k-ywiw3A3H9vbBk,https://www.facebook.com/ElementEatery/
